	p_id	trial	rt	condition	n_distractors
0	1	1	1392.21710168	BB	5
1	1	1	1719.76741143	BB	10
2	1	1	2356.29415141	BB	20
3	1	1	583.532725887	RB	5
4	1	1	539.55599418	RB	10
5	1	1	770.112809812	RB	20
6	1	2	1065.79574662	BB	5
7	1	2	1331.99523004	BB	10
8	1	2	2229.07650481	BB	20
9	1	2	656.767552784	RB	5
10	1	2	687.995257934	RB	10
11	1	2	715.712560537	RB	20
12	1	3	1074.97401226	BB	5
13	1	3	1488.39280506	BB	10
14	1	3	1936.52675303	BB	20
15	1	3	779.974959515	RB	5
16	1	3	526.870898189	RB	10
17	1	3	616.718405304	RB	20
18	1	4	1276.67857716	BB	5
19	1	4	1265.13246922	BB	10
20	1	4	2048.27259043	BB	20
21	1	4	706.037524356	RB	5
22	1	4	809.133861559	RB	10
23	1	4	507.971038587	RB	20
24	1	5	1039.25007218	BB	5
25	1	5	1309.70712635	BB	10
26	1	5	2123.66748628	BB	20
27	1	5	370.243083203	RB	5
28	1	5	739.877463437	RB	10
29	1	5	761.786910065	RB	20
30	1	6	1458.27176657	BB	5
31	1	6	1578.18054752	BB	10
32	1	6	1771.70706737	BB	20
33	1	6	686.085438929	RB	5
34	1	6	542.430302836	RB	10
35	1	6	818.846051951	RB	20
36	1	7	1086.15998292	BB	5
37	1	7	1846.14903942	BB	10
38	1	7	1970.13807954	BB	20
39	1	7	687.642890394	RB	5
40	1	7	733.178389563	RB	10
41	1	7	451.446439689	RB	20
42	1	8	1153.40996609	BB	5
43	1	8	1600.05628917	BB	10
44	1	8	1858.89446212	BB	20
45	1	8	826.168448025	RB	5
46	1	8	978.252478119	RB	10
47	1	8	933.038305751	RB	20
48	1	9	1088.02772941	BB	5
49	1	9	1644.90094896	BB	10
50	1	9	2136.40976309	BB	20
51	1	9	753.575692858	RB	5
52	1	9	895.415172698	RB	10
53	1	9	771.02691952	RB	20
54	1	10	707.276775436	BB	5
55	1	10	2114.27422567	BB	10
56	1	10	1854.94008023	BB	20
57	1	10	808.995384733	RB	5
58	1	10	793.982180368	RB	10
59	1	10	637.09785071	RB	20
60	1	11	785.860387525	BB	5
61	1	11	1320.81966893	BB	10
62	1	11	2345.21762564	BB	20
63	1	11	601.025485079	RB	5
64	1	11	544.502471314	RB	10
65	1	11	666.472785358	RB	20
66	1	12	1236.05368505	BB	5
67	1	12	1639.52761932	BB	10
68	1	12	2097.59256062	BB	20
69	1	12	653.283893375	RB	5
70	1	12	671.550445715	RB	10
71	1	12	770.5294853	RB	20
72	1	13	1293.74713921	BB	5
73	1	13	1257.02623165	BB	10
74	1	13	2404.70978669	BB	20
75	1	13	1019.14325411	RB	5
76	1	13	593.619808731	RB	10
77	1	13	748.473867362	RB	20
78	1	14	1321.68948933	BB	5
79	1	14	1779.02888146	BB	10
80	1	14	1787.00390166	BB	20
81	1	14	635.940986768	RB	5
82	1	14	443.176055027	RB	10
83	1	14	745.695252092	RB	20
84	1	15	1378.51888919	BB	5
85	1	15	1951.07703647	BB	10
86	1	15	2015.25105414	BB	20
87	1	15	563.65868852	RB	5
88	1	15	842.249518778	RB	10
89	1	15	831.197130719	RB	20
90	1	16	944.058812747	BB	5
91	1	16	1268.05851557	BB	10
92	1	16	2333.84528869	BB	20
93	1	16	724.525078241	RB	5
94	1	16	531.126068258	RB	10
95	1	16	561.86422798	RB	20
96	1	17	1486.4987437	BB	5
97	1	17	1968.33181013	BB	10
98	1	17	2112.656319	BB	20
99	1	17	1024.47158901	RB	5
100	1	17	461.113130522	RB	10
101	1	17	773.20338708	RB	20
102	1	18	1088.45290026	BB	5
103	1	18	1423.05921336	BB	10
104	1	18	2302.59933198	BB	20
105	1	18	855.531178138	RB	5
106	1	18	701.294255378	RB	10
107	1	18	1054.58967537	RB	20
108	1	19	1056.81209979	BB	5
109	1	19	1410.62126011	BB	10
110	1	19	2046.41343533	BB	20
111	1	19	282.062054055	RB	5
112	1	19	479.013364501	RB	10
113	1	19	660.249579298	RB	20
114	1	20	1083.28969349	BB	5
115	1	20	1700.91958416	BB	10
116	1	20	1728.22997321	BB	20
117	1	20	451.981214838	RB	5
118	1	20	705.679413575	RB	10
119	1	20	450.091254999	RB	20
120	2	1	1145.66935402	BB	5
121	2	1	1354.94125138	BB	10
122	2	1	1591.66051239	BB	20
123	2	1	566.682531722	RB	5
124	2	1	1344.22028574	RB	10
125	2	1	1319.65180804	RB	20
126	2	2	1416.01867974	BB	5
127	2	2	1794.87486113	BB	10
128	2	2	2333.78271834	BB	20
129	2	2	747.477716235	RB	5
130	2	2	885.577619064	RB	10
131	2	2	374.801861083	RB	20
132	2	3	1737.23991741	BB	5
133	2	3	1959.35780664	BB	10
134	2	3	2508.55746241	BB	20
135	2	3	482.344641049	RB	5
136	2	3	387.506050222	RB	10
137	2	3	1068.12123079	RB	20
138	2	4	1922.20666432	BB	5
139	2	4	1657.56964442	BB	10
140	2	4	2585.01417214	BB	20
141	2	4	503.772994312	RB	5
142	2	4	814.239349953	RB	10
143	2	4	1013.02142324	RB	20
144	2	5	252.367923345	BB	5
145	2	5	2321.87201806	BB	10
146	2	5	2448.05985833	BB	20
147	2	5	750.807617363	RB	5
148	2	5	984.233327202	RB	10
149	2	5	789.83157819	RB	20
150	2	6	1070.51755314	BB	5
151	2	6	1426.90900262	BB	10
152	2	6	1852.80212729	BB	20
153	2	6	1383.0691504	RB	5
154	2	6	1313.08460887	RB	10
155	2	6	414.996280557	RB	20
156	2	7	1080.91424121	BB	5
157	2	7	1743.56241057	BB	10
158	2	7	2522.49407985	BB	20
159	2	7	584.951292802	RB	5
160	2	7	1279.1523032	RB	10
161	2	7	1221.46429912	RB	20
162	2	8	1139.69086411	BB	5
163	2	8	1457.81419652	BB	10
164	2	8	2742.97457199	BB	20
165	2	8	399.039476122	RB	5
166	2	8	627.172791026	RB	10
167	2	8	1116.81303431	RB	20
168	2	9	1504.89828614	BB	5
169	2	9	1795.42293941	BB	10
170	2	9	2250.59316236	BB	20
171	2	9	774.631243489	RB	5
172	2	9	464.3500245	RB	10
173	2	9	784.872757527	RB	20
174	2	10	2597.28728822	BB	5
175	2	10	1977.66431375	BB	10
176	2	10	2271.73856791	BB	20
177	2	10	756.876224796	RB	5
178	2	10	551.453540569	RB	10
179	2	10	963.109670912	RB	20
180	2	11	2265.67613973	BB	5
181	2	11	1599.80536065	BB	10
182	2	11	1784.9629399	BB	20
183	2	11	555.943607599	RB	5
184	2	11	798.689801225	RB	10
185	2	11	213.366676657	RB	20
186	2	12	911.405536243	BB	5
187	2	12	1210.84745326	BB	10
188	2	12	2703.02462052	BB	20
189	2	12	534.152309542	RB	5
190	2	12	544.132023108	RB	10
191	2	12	1207.72524367	RB	20
192	2	13	1256.4425986	BB	5
193	2	13	1853.44103991	BB	10
194	2	13	2385.8666436	BB	20
195	2	13	804.062889711	RB	5
196	2	13	726.232851141	RB	10
197	2	13	428.098879738	RB	20
198	2	14	974.084667359	BB	5
199	2	14	741.283964959	BB	10
200	2	14	2147.95990123	BB	20
201	2	14	537.544096179	RB	5
202	2	14	350.731244739	RB	10
203	2	14	421.016863628	RB	20
204	2	15	621.073864664	BB	5
205	2	15	1295.45518172	BB	10
206	2	15	1256.59691261	BB	20
207	2	15	1328.78475267	RB	5
208	2	15	465.034229471	RB	10
209	2	15	77.2112457806	RB	20
210	2	16	1158.88488777	BB	5
211	2	16	2110.2798193	BB	10
212	2	16	1861.58500886	BB	20
213	2	16	782.482017987	RB	5
214	2	16	1275.41481152	RB	10
215	2	16	294.420703151	RB	20
216	2	17	2036.634831	BB	5
217	2	17	1240.34481213	BB	10
218	2	17	1517.90053871	BB	20
219	2	17	227.663838632	RB	5
220	2	17	756.461501679	RB	10
221	2	17	361.777409293	RB	20
222	2	18	932.90850361	BB	5
223	2	18	1903.05497843	BB	10
224	2	18	2267.43736974	BB	20
225	2	18	1212.04290119	RB	5
226	2	18	348.922346055	RB	10
227	2	18	525.414433229	RB	20
228	2	19	746.662534885	BB	5
229	2	19	1513.59494307	BB	10
230	2	19	1927.37742273	BB	20
231	2	19	1353.87004312	RB	5
232	2	19	562.079105988	RB	10
233	2	19	1003.33359404	RB	20
234	2	20	376.057809005	BB	5
235	2	20	1244.24620121	BB	10
236	2	20	1800.41969738	BB	20
237	2	20	650.175227395	RB	5
238	2	20	39.157070751	RB	10
239	2	20	702.603937242	RB	20
240	3	1	1244.51112699	BB	5
241	3	1	1562.17131925	BB	10
242	3	1	2407.69587255	BB	20
243	3	1	923.987511353	RB	5
244	3	1	678.490590739	RB	10
245	3	1	1131.17250749	RB	20
246	3	2	1493.45904188	BB	5
247	3	2	2071.89128705	BB	10
248	3	2	2338.08388335	BB	20
249	3	2	854.945506583	RB	5
250	3	2	856.173744374	RB	10
251	3	2	1061.69157305	RB	20
252	3	3	1072.3495823	BB	5
253	3	3	1684.88584783	BB	10
254	3	3	2214.18916825	BB	20
255	3	3	712.298882198	RB	5
256	3	3	733.824879356	RB	10
257	3	3	710.128837362	RB	20
258	3	4	1446.85130785	BB	5
259	3	4	1656.9942692	BB	10
260	3	4	1939.86542568	BB	20
261	3	4	698.329776823	RB	5
262	3	4	852.685455916	RB	10
263	3	4	824.107086766	RB	20
264	3	5	1343.03272595	BB	5
265	3	5	1674.73079116	BB	10
266	3	5	2273.76856574	BB	20
267	3	5	968.275423829	RB	5
268	3	5	749.745096091	RB	10
269	3	5	1048.16481529	RB	20
270	3	6	1129.86731751	BB	5
271	3	6	1830.2737047	BB	10
272	3	6	2149.85884425	BB	20
273	3	6	877.668769248	RB	5
274	3	6	810.584215943	RB	10
275	3	6	998.031192136	RB	20
276	3	7	1048.71401561	BB	5
277	3	7	1899.99766322	BB	10
278	3	7	2380.51907084	BB	20
279	3	7	593.534889482	RB	5
280	3	7	649.652332444	RB	10
281	3	7	824.265934599	RB	20
282	3	8	1025.97080678	BB	5
283	3	8	1632.14627129	BB	10
284	3	8	2368.75580527	BB	20
285	3	8	720.995841437	RB	5
286	3	8	801.907790026	RB	10
287	3	8	832.632823916	RB	20
288	3	9	1636.20227378	BB	5
289	3	9	1599.21826244	BB	10
290	3	9	2156.36300119	BB	20
291	3	9	620.455817357	RB	5
292	3	9	710.925046573	RB	10
293	3	9	864.418611313	RB	20
294	3	10	1388.06304237	BB	5
295	3	10	1831.65387136	BB	10
296	3	10	2122.96778382	BB	20
297	3	10	792.172251915	RB	5
298	3	10	642.811295794	RB	10
299	3	10	896.03587332	RB	20
300	3	11	1432.6372675	BB	5
301	3	11	1731.33063507	BB	10
302	3	11	2198.37444801	BB	20
303	3	11	1011.06221921	RB	5
304	3	11	681.399763046	RB	10
305	3	11	859.110064547	RB	20
306	3	12	1206.29314773	BB	5
307	3	12	1618.82146088	BB	10
308	3	12	2117.57711433	BB	20
309	3	12	780.731948622	RB	5
310	3	12	630.655267453	RB	10
311	3	12	749.616783124	RB	20
312	3	13	1198.5860386	BB	5
313	3	13	1516.25725975	BB	10
314	3	13	2205.98687086	BB	20
315	3	13	805.774380322	RB	5
316	3	13	851.924088146	RB	10
317	3	13	901.99759736	RB	20
318	3	14	1317.78387529	BB	5
319	3	14	1496.11313223	BB	10
320	3	14	1921.73485536	BB	20
321	3	14	814.581639172	RB	5
322	3	14	918.898051413	RB	10
323	3	14	788.482792865	RB	20
324	3	15	1395.907475	BB	5
325	3	15	1770.41841022	BB	10
326	3	15	2102.89787631	BB	20
327	3	15	729.954968117	RB	5
328	3	15	920.520183684	RB	10
329	3	15	566.141966029	RB	20
330	3	16	1345.9591849	BB	5
331	3	16	1434.61092799	BB	10
332	3	16	2422.97109716	BB	20
333	3	16	810.886839697	RB	5
334	3	16	1034.77339374	RB	10
335	3	16	874.317359674	RB	20
336	3	17	1269.27670867	BB	5
337	3	17	1741.84046862	BB	10
338	3	17	2170.19509841	BB	20
339	3	17	710.856457437	RB	5
340	3	17	861.57127064	RB	10
341	3	17	759.472614662	RB	20
342	3	18	1080.63063092	BB	5
343	3	18	1852.21571786	BB	10
344	3	18	2026.04031989	BB	20
345	3	18	757.9911187	RB	5
346	3	18	1066.25477646	RB	10
347	3	18	1083.84080438	RB	20
348	3	19	1432.39411925	BB	5
349	3	19	1844.65221436	BB	10
350	3	19	2361.75855243	BB	20
351	3	19	851.048061339	RB	5
352	3	19	642.801509849	RB	10
353	3	19	403.420175111	RB	20
354	3	20	1324.3001725	BB	5
355	3	20	1599.38108197	BB	10
356	3	20	2172.12575524	BB	20
357	3	20	975.092742696	RB	5
358	3	20	1006.61076233	RB	10
359	3	20	661.220858637	RB	20
360	4	1	1247.38418928	BB	5
361	4	1	2139.16949782	BB	10
362	4	1	2789.39848859	BB	20
363	4	1	1310.73040186	RB	5
364	4	1	875.046616128	RB	10
365	4	1	795.456138986	RB	20
366	4	2	1292.04876363	BB	5
367	4	2	1479.29591047	BB	10
368	4	2	2605.30079084	BB	20
369	4	2	1025.09241848	RB	5
370	4	2	1134.51821713	RB	10
371	4	2	266.635247298	RB	20
372	4	3	1218.20409951	BB	5
373	4	3	1562.78958255	BB	10
374	4	3	1931.92318417	BB	20
375	4	3	690.618218444	RB	5
376	4	3	1224.40916275	RB	10
377	4	3	930.966936585	RB	20
378	4	4	1544.38326303	BB	5
379	4	4	2111.27540363	BB	10
380	4	4	2268.31262678	BB	20
381	4	4	1111.07417157	RB	5
382	4	4	954.490086215	RB	10
383	4	4	888.061074478	RB	20
384	4	5	1323.40013424	BB	5
385	4	5	1639.65226382	BB	10
386	4	5	1734.08574833	BB	20
387	4	5	882.431730511	RB	5
388	4	5	822.034881833	RB	10
389	4	5	1033.34870544	RB	20
390	4	6	1187.04109633	BB	5
391	4	6	1523.64335884	BB	10
392	4	6	2513.04427211	BB	20
393	4	6	721.715598366	RB	5
394	4	6	846.244141083	RB	10
395	4	6	545.255226787	RB	20
396	4	7	1291.38004261	BB	5
397	4	7	1760.84958305	BB	10
398	4	7	1804.31282074	BB	20
399	4	7	945.286661054	RB	5
400	4	7	959.668593635	RB	10
401	4	7	942.260135189	RB	20
402	4	8	1278.37311072	BB	5
403	4	8	1451.27118937	BB	10
404	4	8	2065.5919552	BB	20
405	4	8	1251.77826084	RB	5
406	4	8	924.529235759	RB	10
407	4	8	1055.12506438	RB	20
408	4	9	1234.99186885	BB	5
409	4	9	2201.28132619	BB	10
410	4	9	2372.11677834	BB	20
411	4	9	1048.82212	RB	5
412	4	9	970.223825758	RB	10
413	4	9	937.751082231	RB	20
414	4	10	1410.60695436	BB	5
415	4	10	1551.75801035	BB	10
416	4	10	2382.88372466	BB	20
417	4	10	1110.59633049	RB	5
418	4	10	547.985640749	RB	10
419	4	10	1036.55524399	RB	20
420	4	11	1263.02351183	BB	5
421	4	11	1886.40649691	BB	10
422	4	11	2207.3480334	BB	20
423	4	11	1239.67660056	RB	5
424	4	11	770.234797234	RB	10
425	4	11	1030.2385321	RB	20
426	4	12	1466.65621962	BB	5
427	4	12	1790.59016274	BB	10
428	4	12	2359.24077958	BB	20
429	4	12	1051.23154688	RB	5
430	4	12	680.958303047	RB	10
431	4	12	1408.49351442	RB	20
432	4	13	1390.01627486	BB	5
433	4	13	1392.85192504	BB	10
434	4	13	2187.79288676	BB	20
435	4	13	642.850492848	RB	5
436	4	13	984.476171737	RB	10
437	4	13	922.653556837	RB	20
438	4	14	1364.73262401	BB	5
439	4	14	1714.15013878	BB	10
440	4	14	1751.58882768	BB	20
441	4	14	866.476771423	RB	5
442	4	14	871.558664111	RB	10
443	4	14	1019.07843458	RB	20
444	4	15	1383.25650321	BB	5
445	4	15	1720.19816492	BB	10
446	4	15	2496.96903935	BB	20
447	4	15	603.491461866	RB	5
448	4	15	664.728457844	RB	10
449	4	15	1133.37185431	RB	20
450	4	16	1394.22131401	BB	5
451	4	16	2470.48655424	BB	10
452	4	16	1898.87531472	BB	20
453	4	16	794.924317248	RB	5
454	4	16	1508.97432637	RB	10
455	4	16	988.459789677	RB	20
456	4	17	1301.61747749	BB	5
457	4	17	1585.52592429	BB	10
458	4	17	2319.69462131	BB	20
459	4	17	659.971932899	RB	5
460	4	17	900.205683115	RB	10
461	4	17	723.265988707	RB	20
462	4	18	1390.81197976	BB	5
463	4	18	1396.79043536	BB	10
464	4	18	1867.70644048	BB	20
465	4	18	1347.61469202	RB	5
466	4	18	689.346836266	RB	10
467	4	18	728.731381162	RB	20
468	4	19	1401.95485758	BB	5
469	4	19	1666.58797755	BB	10
470	4	19	2642.42756734	BB	20
471	4	19	798.282329553	RB	5
472	4	19	1081.64909388	RB	10
473	4	19	522.898856485	RB	20
474	4	20	1329.01522935	BB	5
475	4	20	1601.57348058	BB	10
476	4	20	2234.85023894	BB	20
477	4	20	256.699087938	RB	5
478	4	20	1030.97054446	RB	10
479	4	20	1038.53003953	RB	20
480	5	1	1142.63818242	BB	5
481	5	1	1245.75147741	BB	10
482	5	1	1890.15119134	BB	20
483	5	1	223.30543178	RB	5
484	5	1	595.20631333	RB	10
485	5	1	487.84908514	RB	20
486	5	2	840.697047018	BB	5
487	5	2	1159.30201392	BB	10
488	5	2	1622.16056162	BB	20
489	5	2	567.993924385	RB	5
490	5	2	602.338229132	RB	10
491	5	2	574.321819355	RB	20
492	5	3	979.888647658	BB	5
493	5	3	1520.9693954	BB	10
494	5	3	1710.74117517	BB	20
495	5	3	488.894738446	RB	5
496	5	3	825.164973888	RB	10
497	5	3	534.533109577	RB	20
498	5	4	1034.35185307	BB	5
499	5	4	1148.49966354	BB	10
500	5	4	1618.27543464	BB	20
501	5	4	347.533277719	RB	5
502	5	4	629.969235985	RB	10
503	5	4	417.220749339	RB	20
504	5	5	549.538817618	BB	5
505	5	5	1383.99807327	BB	10
506	5	5	2017.56890188	BB	20
507	5	5	431.803671318	RB	5
508	5	5	536.348357267	RB	10
509	5	5	739.12633441	RB	20
510	5	6	945.01227355	BB	5
511	5	6	1362.86871939	BB	10
512	5	6	1696.7371934	BB	20
513	5	6	818.492323315	RB	5
514	5	6	162.495535141	RB	10
515	5	6	186.425032658	RB	20
516	5	7	1325.62641812	BB	5
517	5	7	1420.83746863	BB	10
518	5	7	1956.01016935	BB	20
519	5	7	410.042286699	RB	5
520	5	7	656.021517641	RB	10
521	5	7	637.41330245	RB	20
522	5	8	1227.58778456	BB	5
523	5	8	1220.59973129	BB	10
524	5	8	1883.16048369	BB	20
525	5	8	357.032924159	RB	5
526	5	8	492.071847693	RB	10
527	5	8	464.444635841	RB	20
528	5	9	831.852947301	BB	5
529	5	9	1305.91026419	BB	10
530	5	9	1783.47815931	BB	20
531	5	9	898.629254343	RB	5
532	5	9	512.399977909	RB	10
533	5	9	313.781783778	RB	20
534	5	10	1179.380826	BB	5
535	5	10	1556.07031978	BB	10
536	5	10	1780.95786857	BB	20
537	5	10	609.570610429	RB	5
538	5	10	542.252225042	RB	10
539	5	10	630.102250705	RB	20
540	5	11	882.042584088	BB	5
541	5	11	1347.47907979	BB	10
542	5	11	1971.77742021	BB	20
543	5	11	364.037045783	RB	5
544	5	11	685.811214799	RB	10
545	5	11	806.073876834	RB	20
546	5	12	1339.41109188	BB	5
547	5	12	1378.6343479	BB	10
548	5	12	1873.76352842	BB	20
549	5	12	407.496790272	RB	5
550	5	12	149.048202542	RB	10
551	5	12	722.086358595	RB	20
552	5	13	1256.06383829	BB	5
553	5	13	1171.70814405	BB	10
554	5	13	2062.94157126	BB	20
555	5	13	749.350545747	RB	5
556	5	13	439.474872613	RB	10
557	5	13	417.487601922	RB	20
558	5	14	1162.71752146	BB	5
559	5	14	1337.96843141	BB	10
560	5	14	1807.37057516	BB	20
561	5	14	344.662328765	RB	5
562	5	14	395.414057514	RB	10
563	5	14	280.225003143	RB	20
564	5	15	1065.66578221	BB	5
565	5	15	1191.04292278	BB	10
566	5	15	1940.61855122	BB	20
567	5	15	701.030815798	RB	5
568	5	15	434.294007545	RB	10
569	5	15	671.066877465	RB	20
570	5	16	717.475716248	BB	5
571	5	16	1170.56554673	BB	10
572	5	16	1461.95396178	BB	20
573	5	16	212.767240846	RB	5
574	5	16	107.09065086	RB	10
575	5	16	524.227717446	RB	20
576	5	17	911.966482233	BB	5
577	5	17	1329.18448263	BB	10
578	5	17	2000.66333466	BB	20
579	5	17	608.273511936	RB	5
580	5	17	637.14350864	RB	10
581	5	17	204.931094674	RB	20
582	5	18	999.844495575	BB	5
583	5	18	1189.73247939	BB	10
584	5	18	2005.07153411	BB	20
585	5	18	452.16803857	RB	5
586	5	18	449.981388008	RB	10
587	5	18	534.195980297	RB	20
588	5	19	1549.90687076	BB	5
589	5	19	1295.51734599	BB	10
590	5	19	2115.4710626	BB	20
591	5	19	733.128438786	RB	5
592	5	19	143.020266717	RB	10
593	5	19	215.744056692	RB	20
594	5	20	1342.33813856	BB	5
595	5	20	1303.28065654	BB	10
596	5	20	1820.2606096	BB	20
597	5	20	437.575830079	RB	5
598	5	20	360.355357404	RB	10
599	5	20	703.531989521	RB	20
600	6	1	2024.32127358	BB	5
601	6	1	1636.22778997	BB	10
602	6	1	1781.55248174	BB	20
603	6	1	484.688335986	RB	5
604	6	1	381.539491735	RB	10
605	6	1	414.196123209	RB	20
606	6	2	955.635703117	BB	5
607	6	2	1064.0697387	BB	10
608	6	2	2377.76065483	BB	20
609	6	2	256.124561884	RB	5
610	6	2	299.850359784	RB	10
611	6	2	1479.96178208	RB	20
612	6	3	1426.82599763	BB	5
613	6	3	1202.22490294	BB	10
614	6	3	2269.27157859	BB	20
615	6	3	252.957068491	RB	5
616	6	3	657.57194448	RB	10
617	6	3	369.641531768	RB	20
618	6	4	1342.84698984	BB	5
619	6	4	1837.55858751	BB	10
620	6	4	1553.17922408	BB	20
621	6	4	1028.54238638	RB	5
622	6	4	824.207984591	RB	10
623	6	4	146.734272576	RB	20
624	6	5	1294.87844315	BB	5
625	6	5	825.247658935	BB	10
626	6	5	1490.93414835	BB	20
627	6	5	525.441607419	RB	5
628	6	5	735.32666478	RB	10
629	6	5	316.337412248	RB	20
630	6	6	1084.99178749	BB	5
631	6	6	1943.67684154	BB	10
632	6	6	2019.19809883	BB	20
633	6	6	190.102931471	RB	5
634	6	6	308.000835549	RB	10
635	6	6	400.258424387	RB	20
636	6	7	1413.74334074	BB	5
637	6	7	1399.57199129	BB	10
638	6	7	2696.29908254	BB	20
639	6	7	892.091026127	RB	5
640	6	7	451.452816962	RB	10
641	6	7	743.234582976	RB	20
642	6	8	938.916843046	BB	5
643	6	8	1070.39547051	BB	10
644	6	8	1790.69944761	BB	20
645	6	8	478.231205061	RB	5
646	6	8	1342.47437938	RB	10
647	6	8	82.130685389	RB	20
648	6	9	980.858255126	BB	5
649	6	9	1683.14577984	BB	10
650	6	9	1960.65392741	BB	20
651	6	9	786.426794069	RB	5
652	6	9	439.425315037	RB	10
653	6	9	707.456989858	RB	20
654	6	10	1217.20463276	BB	5
655	6	10	2036.54514381	BB	10
656	6	10	1987.18735334	BB	20
657	6	10	864.49677928	RB	5
658	6	10	883.288267401	RB	10
659	6	10	1031.77054283	RB	20
660	6	11	1033.38137589	BB	5
661	6	11	1280.29167715	BB	10
662	6	11	1796.55104049	BB	20
663	6	11	979.2862465	RB	5
664	6	11	807.902311514	RB	10
665	6	11	1355.76262219	RB	20
666	6	12	713.940012096	BB	5
667	6	12	1358.5154478	BB	10
668	6	12	2181.27777162	BB	20
669	6	12	644.170244937	RB	5
670	6	12	844.168839434	RB	10
671	6	12	1262.14975706	RB	20
672	6	13	1277.31809229	BB	5
673	6	13	2387.48509109	BB	10
674	6	13	2550.75877866	BB	20
675	6	13	635.363459483	RB	5
676	6	13	1276.88791318	RB	10
677	6	13	339.808504161	RB	20
678	6	14	1043.82668865	BB	5
679	6	14	1238.837026	BB	10
680	6	14	1696.43684153	BB	20
681	6	14	193.286215641	RB	5
682	6	14	289.984246698	RB	10
683	6	14	835.840191433	RB	20
684	6	15	1479.18411248	BB	5
685	6	15	954.557349866	BB	10
686	6	15	1611.44486908	BB	20
687	6	15	543.364003685	RB	5
688	6	15	124.767076062	RB	10
689	6	15	984.56835276	RB	20
690	6	16	1856.43398981	BB	5
691	6	16	2045.65237337	BB	10
692	6	16	1906.17456118	BB	20
693	6	16	870.113374387	RB	5
694	6	16	1138.18256096	RB	10
695	6	16	553.987690286	RB	20
696	6	17	1212.88233561	BB	5
697	6	17	1951.09360076	BB	10
698	6	17	2069.18668666	BB	20
699	6	17	75.9447279094	RB	5
700	6	17	169.908973795	RB	10
701	6	17	1042.08572197	RB	20
702	6	18	789.114631432	BB	5
703	6	18	1727.74239644	BB	10
704	6	18	3040.17222607	BB	20
705	6	18	524.754393106	RB	5
706	6	18	188.804215993	RB	10
707	6	18	678.433699912	RB	20
708	6	19	1436.425421	BB	5
709	6	19	1188.50485998	BB	10
710	6	19	2130.02890667	BB	20
711	6	19	329.049824199	RB	5
712	6	19	825.9329899	RB	10
713	6	19	702.928386929	RB	20
714	6	20	1438.37756985	BB	5
715	6	20	887.325965107	BB	10
716	6	20	2818.12740793	BB	20
717	6	20	919.406104591	RB	5
718	6	20	523.941096496	RB	10
719	6	20	1076.03614986	RB	20
720	7	1	1545.79957701	BB	5
721	7	1	1523.97713023	BB	10
722	7	1	2285.0288025	BB	20
723	7	1	849.278881804	RB	5
724	7	1	472.729389617	RB	10
725	7	1	1048.78212289	RB	20
726	7	2	1400.96705389	BB	5
727	7	2	1946.60136569	BB	10
728	7	2	1832.4628805	BB	20
729	7	2	825.877120388	RB	5
730	7	2	837.048527997	RB	10
731	7	2	1013.90049646	RB	20
732	7	3	1344.78634066	BB	5
733	7	3	1662.03893838	BB	10
734	7	3	2378.26584128	BB	20
735	7	3	377.026246537	RB	5
736	7	3	757.758690133	RB	10
737	7	3	995.617320787	RB	20
738	7	4	1101.39528602	BB	5
739	7	4	2129.57243909	BB	10
740	7	4	2251.32850237	BB	20
741	7	4	1122.76660712	RB	5
742	7	4	563.838742751	RB	10
743	7	4	634.49643608	RB	20
744	7	5	1244.60607829	BB	5
745	7	5	2063.82797017	BB	10
746	7	5	1703.441822	BB	20
747	7	5	475.034935338	RB	5
748	7	5	674.118643786	RB	10
749	7	5	1122.35717851	RB	20
750	7	6	1048.16242995	BB	5
751	7	6	1833.14645274	BB	10
752	7	6	2773.81628446	BB	20
753	7	6	762.152291923	RB	5
754	7	6	1177.88700255	RB	10
755	7	6	914.875427707	RB	20
756	7	7	1411.35398298	BB	5
757	7	7	1578.27436114	BB	10
758	7	7	2727.17487798	BB	20
759	7	7	1102.200197	RB	5
760	7	7	1136.735017	RB	10
761	7	7	781.654504144	RB	20
762	7	8	1047.26910019	BB	5
763	7	8	1630.39512023	BB	10
764	7	8	1960.5383578	BB	20
765	7	8	846.383504431	RB	5
766	7	8	880.885523702	RB	10
767	7	8	922.850856605	RB	20
768	7	9	1462.74475097	BB	5
769	7	9	2219.81228022	BB	10
770	7	9	2549.47288922	BB	20
771	7	9	924.112051158	RB	5
772	7	9	803.852772705	RB	10
773	7	9	872.084199893	RB	20
774	7	10	1130.44220013	BB	5
775	7	10	1779.9773116	BB	10
776	7	10	2124.45297253	BB	20
777	7	10	501.340010069	RB	5
778	7	10	893.196537535	RB	10
779	7	10	634.281515781	RB	20
780	7	11	1035.17450354	BB	5
781	7	11	1705.45776525	BB	10
782	7	11	2044.31572384	BB	20
783	7	11	891.957904713	RB	5
784	7	11	784.415788591	RB	10
785	7	11	1088.90801079	RB	20
786	7	12	1107.00377983	BB	5
787	7	12	1498.52443716	BB	10
788	7	12	2199.90076383	BB	20
789	7	12	398.72773865	RB	5
790	7	12	757.982665263	RB	10
791	7	12	995.174347906	RB	20
792	7	13	1554.70814179	BB	5
793	7	13	1568.14243702	BB	10
794	7	13	2340.09503156	BB	20
795	7	13	989.160398414	RB	5
796	7	13	593.763494988	RB	10
797	7	13	637.658172915	RB	20
798	7	14	1943.32767439	BB	5
799	7	14	1725.58293672	BB	10
800	7	14	2854.97955209	BB	20
801	7	14	613.92322848	RB	5
802	7	14	859.498200457	RB	10
803	7	14	738.24542389	RB	20
804	7	15	1555.34968024	BB	5
805	7	15	1677.45713872	BB	10
806	7	15	2771.10299211	BB	20
807	7	15	719.481431132	RB	5
808	7	15	633.382682565	RB	10
809	7	15	1203.49186662	RB	20
810	7	16	1647.38690975	BB	5
811	7	16	2214.91093067	BB	10
812	7	16	1821.37795509	BB	20
813	7	16	1048.08802467	RB	5
814	7	16	329.42272503	RB	10
815	7	16	831.31878806	RB	20
816	7	17	1349.52496253	BB	5
817	7	17	1290.21038755	BB	10
818	7	17	2591.20177412	BB	20
819	7	17	947.459320787	RB	5
820	7	17	1149.29991574	RB	10
821	7	17	814.807735498	RB	20
822	7	18	1763.52533825	BB	5
823	7	18	1872.49131102	BB	10
824	7	18	2000.19678316	BB	20
825	7	18	963.33072646	RB	5
826	7	18	1135.7553953	RB	10
827	7	18	1064.71243032	RB	20
828	7	19	1553.00390686	BB	5
829	7	19	1833.96976473	BB	10
830	7	19	2042.82306411	BB	20
831	7	19	638.991122696	RB	5
832	7	19	857.150390409	RB	10
833	7	19	687.882561776	RB	20
834	7	20	1208.69560553	BB	5
835	7	20	1325.9822573	BB	10
836	7	20	1876.2233425	BB	20
837	7	20	896.271933112	RB	5
838	7	20	1130.81276771	RB	10
839	7	20	860.392446714	RB	20
840	8	1	1396.00376217	BB	5
841	8	1	1408.95988534	BB	10
842	8	1	1955.13988804	BB	20
843	8	1	553.707533841	RB	5
844	8	1	30.5858539784	RB	10
845	8	1	166.609434603	RB	20
846	8	2	1158.57397499	BB	5
847	8	2	1941.75678234	BB	10
848	8	2	1870.23550051	BB	20
849	8	2	663.980786816	RB	5
850	8	2	968.509149096	RB	10
851	8	2	654.471945362	RB	20
852	8	3	905.300381535	BB	5
853	8	3	1844.08649933	BB	10
854	8	3	2158.80937393	BB	20
855	8	3	645.513265783	RB	5
856	8	3	177.146925184	RB	10
857	8	3	802.235973154	RB	20
858	8	4	990.194524528	BB	5
859	8	4	1547.94173443	BB	10
860	8	4	2243.58329151	BB	20
861	8	4	250.575039305	RB	5
862	8	4	137.334569064	RB	10
863	8	4	590.983522436	RB	20
864	8	5	1325.08375177	BB	5
865	8	5	2390.16552361	BB	10
866	8	5	2184.71933381	BB	20
867	8	5	122.432483363	RB	5
868	8	5	297.050734285	RB	10
869	8	5	935.680109618	RB	20
870	8	6	1060.74534264	BB	5
871	8	6	1413.85058205	BB	10
872	8	6	1782.88543143	BB	20
873	8	6	638.346698775	RB	5
874	8	6	392.876592467	RB	10
875	8	6	419.295093225	RB	20
876	8	7	793.781457352	BB	5
877	8	7	1348.18225546	BB	10
878	8	7	1190.57059847	BB	20
879	8	7	47.934961914	RB	5
880	8	7	542.846494131	RB	10
881	8	7	290.414221221	RB	20
882	8	8	857.431790748	BB	5
883	8	8	1525.94989996	BB	10
884	8	8	1387.72085906	BB	20
885	8	8	124.26272509	RB	5
886	8	8	1174.95719673	RB	10
887	8	8	239.270013808	RB	20
888	8	9	160.964465392	BB	5
889	8	9	1392.79602662	BB	10
890	8	9	1764.1290176	BB	20
891	8	9	841.076580929	RB	5
892	8	9	31.4449169245	RB	10
893	8	9	148.29867001	RB	20
894	8	10	1059.43740752	BB	5
895	8	10	796.489943055	BB	10
896	8	10	1877.51224014	BB	20
897	8	10	108.990806834	RB	5
898	8	10	815.787598846	RB	10
899	8	10	309.451031612	RB	20
900	8	11	620.75981123	BB	5
901	8	11	1232.99704736	BB	10
902	8	11	1472.19194726	BB	20
903	8	11	118.911261928	RB	5
904	8	11	279.638111615	RB	10
905	8	11	440.931786458	RB	20
906	8	12	530.119410781	BB	5
907	8	12	1725.39482707	BB	10
908	8	12	1997.80875821	BB	20
909	8	12	413.390125485	RB	5
910	8	12	1019.19317082	RB	10
911	8	12	811.533470881	RB	20
912	8	13	658.632908592	BB	5
913	8	13	1008.71689373	BB	10
914	8	13	1718.6845185	BB	20
915	8	13	825.629933859	RB	5
916	8	13	157.676627033	RB	10
917	8	13	285.022997133	RB	20
918	8	14	853.198370449	BB	5
919	8	14	1337.12305534	BB	10
920	8	14	1147.9904058	BB	20
921	8	14	589.087277204	RB	5
922	8	14	283.748578735	RB	10
923	8	14	536.555097011	RB	20
924	8	15	1713.75852369	BB	5
925	8	15	1080.53154648	BB	10
926	8	15	1834.21440756	BB	20
927	8	15	826.91127481	RB	5
928	8	15	690.888907782	RB	10
929	8	15	1222.53206786	RB	20
930	8	16	634.406806301	BB	5
931	8	16	1522.83307613	BB	10
932	8	16	1734.55971251	BB	20
933	8	16	324.291260637	RB	5
934	8	16	401.985283391	RB	10
935	8	16	938.570346653	RB	20
936	8	17	816.151095085	BB	5
937	8	17	1173.6229452	BB	10
938	8	17	1657.9664202	BB	20
939	8	17	113.158964344	RB	5
940	8	17	307.921354953	RB	10
941	8	17	326.940335127	RB	20
942	8	18	1203.19486279	BB	5
943	8	18	1220.5806293	BB	10
944	8	18	2022.3309859	BB	20
945	8	18	379.873534367	RB	5
946	8	18	416.266089755	RB	10
947	8	18	651.181054329	RB	20
948	8	19	938.569560411	BB	5
949	8	19	1667.99015386	BB	10
950	8	19	1792.86957461	BB	20
951	8	19	447.833886508	RB	5
952	8	19	369.531621095	RB	10
953	8	19	369.39022968	RB	20
954	8	20	1039.07012827	BB	5
955	8	20	1497.4507795	BB	10
956	8	20	2000.36294846	BB	20
957	8	20	1.54252430391	RB	5
958	8	20	7.09208143068	RB	10
959	8	20	245.274428401	RB	20
960	9	1	1571.12667874	BB	5
961	9	1	1815.62933498	BB	10
962	9	1	2312.01967262	BB	20
963	9	1	1057.6515252	RB	5
964	9	1	1057.79880851	RB	10
965	9	1	1079.32653319	RB	20
966	9	2	1547.13662946	BB	5
967	9	2	1968.12263387	BB	10
968	9	2	2612.42089084	BB	20
969	9	2	968.077437414	RB	5
970	9	2	1109.04571501	RB	10
971	9	2	1092.37880674	RB	20
972	9	3	1526.62099898	BB	5
973	9	3	1835.12598348	BB	10
974	9	3	2280.87834705	BB	20
975	9	3	746.987284566	RB	5
976	9	3	486.030865772	RB	10
977	9	3	1056.02472009	RB	20
978	9	4	1568.24126777	BB	5
979	9	4	1907.60405939	BB	10
980	9	4	2429.11945314	BB	20
981	9	4	636.502412666	RB	5
982	9	4	692.356350024	RB	10
983	9	4	1043.63206771	RB	20
984	9	5	1475.74408218	BB	5
985	9	5	1657.33450873	BB	10
986	9	5	2413.29462231	BB	20
987	9	5	1034.66738669	RB	5
988	9	5	517.691945811	RB	10
989	9	5	984.200839885	RB	20
990	9	6	1419.79960674	BB	5
991	9	6	1848.28656635	BB	10
992	9	6	2316.03621096	BB	20
993	9	6	1200.67657107	RB	5
994	9	6	1130.6857505	RB	10
995	9	6	628.884800293	RB	20
996	9	7	1575.8186797	BB	5
997	9	7	1709.38065179	BB	10
998	9	7	2284.24817324	BB	20
999	9	7	1005.82800244	RB	5
1000	9	7	584.702335724	RB	10
1001	9	7	993.614476684	RB	20
1002	9	8	1793.76205734	BB	5
1003	9	8	2095.41015091	BB	10
1004	9	8	2228.10839874	BB	20
1005	9	8	766.649123225	RB	5
1006	9	8	891.781336137	RB	10
1007	9	8	915.808145214	RB	20
1008	9	9	1216.05310894	BB	5
1009	9	9	2010.58531054	BB	10
1010	9	9	2185.50805909	BB	20
1011	9	9	878.888177787	RB	5
1012	9	9	774.821339399	RB	10
1013	9	9	809.63587606	RB	20
1014	9	10	1311.88569405	BB	5
1015	9	10	1817.01591734	BB	10
1016	9	10	2141.8318513	BB	20
1017	9	10	1118.19400748	RB	5
1018	9	10	894.330682381	RB	10
1019	9	10	759.85257325	RB	20
1020	9	11	1478.05265356	BB	5
1021	9	11	1977.85822013	BB	10
1022	9	11	2349.14792511	BB	20
1023	9	11	791.917557268	RB	5
1024	9	11	833.522551576	RB	10
1025	9	11	819.549465132	RB	20
1026	9	12	1483.3088641	BB	5
1027	9	12	2152.01107739	BB	10
1028	9	12	2301.49755413	BB	20
1029	9	12	1308.60227653	RB	5
1030	9	12	981.307673961	RB	10
1031	9	12	866.29382263	RB	20
1032	9	13	1391.13456019	BB	5
1033	9	13	2219.94866399	BB	10
1034	9	13	2507.00621094	BB	20
1035	9	13	982.816266527	RB	5
1036	9	13	728.611731373	RB	10
1037	9	13	1147.09234285	RB	20
1038	9	14	1087.83228661	BB	5
1039	9	14	1835.08257132	BB	10
1040	9	14	2317.60100222	BB	20
1041	9	14	1044.45829517	RB	5
1042	9	14	1392.07619174	RB	10
1043	9	14	1094.24165128	RB	20
1044	9	15	1591.30718632	BB	5
1045	9	15	2193.81982169	BB	10
1046	9	15	2604.37033953	BB	20
1047	9	15	1139.54549981	RB	5
1048	9	15	1195.72562629	RB	10
1049	9	15	843.733657565	RB	20
1050	9	16	1481.4223573	BB	5
1051	9	16	2128.83717697	BB	10
1052	9	16	2223.37713555	BB	20
1053	9	16	734.880823257	RB	5
1054	9	16	1013.36935244	RB	10
1055	9	16	1219.624027	RB	20
1056	9	17	1787.48764325	BB	5
1057	9	17	1932.58161712	BB	10
1058	9	17	2424.21539428	BB	20
1059	9	17	454.475184628	RB	5
1060	9	17	951.532486656	RB	10
1061	9	17	1108.97425187	RB	20
1062	9	18	1415.01372008	BB	5
1063	9	18	1881.30441284	BB	10
1064	9	18	2218.73020133	BB	20
1065	9	18	767.146443648	RB	5
1066	9	18	988.072017254	RB	10
1067	9	18	1197.46770015	RB	20
1068	9	19	1367.12848349	BB	5
1069	9	19	2319.77283207	BB	10
1070	9	19	2203.11687924	BB	20
1071	9	19	757.640024335	RB	5
1072	9	19	841.405341861	RB	10
1073	9	19	1474.06673979	RB	20
1074	9	20	1496.11050942	BB	5
1075	9	20	1613.06423771	BB	10
1076	9	20	2382.48423817	BB	20
1077	9	20	859.787532942	RB	5
1078	9	20	922.989037725	RB	10
1079	9	20	880.630046941	RB	20
1080	10	1	850.333798351	BB	5
1081	10	1	1303.82662285	BB	10
1082	10	1	1849.28763694	BB	20
1083	10	1	418.134675839	RB	5
1084	10	1	499.482491342	RB	10
1085	10	1	661.484081544	RB	20
1086	10	2	937.144407217	BB	5
1087	10	2	1602.73272271	BB	10
1088	10	2	1785.80736884	BB	20
1089	10	2	370.125769794	RB	5
1090	10	2	542.133922227	RB	10
1091	10	2	591.498309113	RB	20
1092	10	3	1064.83873631	BB	5
1093	10	3	1598.06815453	BB	10
1094	10	3	2050.58844155	BB	20
1095	10	3	401.478968155	RB	5
1096	10	3	425.71382214	RB	10
1097	10	3	596.135678447	RB	20
1098	10	4	1117.24489348	BB	5
1099	10	4	1581.3843018	BB	10
1100	10	4	2021.51069955	BB	20
1101	10	4	605.489935195	RB	5
1102	10	4	468.572323619	RB	10
1103	10	4	632.559561784	RB	20
1104	10	5	988.588274142	BB	5
1105	10	5	1441.8138825	BB	10
1106	10	5	1907.84905289	BB	20
1107	10	5	519.056920435	RB	5
1108	10	5	363.40224392	RB	10
1109	10	5	684.917137078	RB	20
1110	10	6	1002.8622011	BB	5
1111	10	6	1359.12408756	BB	10
1112	10	6	1708.82419219	BB	20
1113	10	6	692.762725387	RB	5
1114	10	6	413.358778442	RB	10
1115	10	6	637.181095706	RB	20
1116	10	7	965.788042182	BB	5
1117	10	7	1361.52933944	BB	10
1118	10	7	1942.65603703	BB	20
1119	10	7	335.476297559	RB	5
1120	10	7	552.162051571	RB	10
1121	10	7	643.387551141	RB	20
1122	10	8	1031.84155221	BB	5
1123	10	8	1441.68781265	BB	10
1124	10	8	2056.52959848	BB	20
1125	10	8	535.073928169	RB	5
1126	10	8	508.857413564	RB	10
1127	10	8	418.523398321	RB	20
1128	10	9	1080.90399043	BB	5
1129	10	9	1317.3072464	BB	10
1130	10	9	1907.21733484	BB	20
1131	10	9	306.771643256	RB	5
1132	10	9	470.873912602	RB	10
1133	10	9	529.706213624	RB	20
1134	10	10	986.339014895	BB	5
1135	10	10	1380.89995226	BB	10
1136	10	10	1933.28451925	BB	20
1137	10	10	471.52545947	RB	5
1138	10	10	340.323519106	RB	10
1139	10	10	623.949470095	RB	20
1140	10	11	1102.852984	BB	5
1141	10	11	1134.50511538	BB	10
1142	10	11	2006.04477192	BB	20
1143	10	11	540.979637342	RB	5
1144	10	11	402.908858244	RB	10
1145	10	11	247.068484742	RB	20
1146	10	12	1306.02760133	BB	5
1147	10	12	1226.52970184	BB	10
1148	10	12	2055.61216007	BB	20
1149	10	12	640.348468427	RB	5
1150	10	12	534.407106284	RB	10
1151	10	12	658.601724595	RB	20
1152	10	13	888.697807167	BB	5
1153	10	13	1306.27123683	BB	10
1154	10	13	1938.00760532	BB	20
1155	10	13	568.843174434	RB	5
1156	10	13	591.758102628	RB	10
1157	10	13	212.329280432	RB	20
1158	10	14	1018.89399572	BB	5
1159	10	14	1408.76340488	BB	10
1160	10	14	1960.54705471	BB	20
1161	10	14	487.081515135	RB	5
1162	10	14	520.744344604	RB	10
1163	10	14	602.321118729	RB	20
1164	10	15	1037.87904369	BB	5
1165	10	15	1323.44309085	BB	10
1166	10	15	1901.43090938	BB	20
1167	10	15	474.924091736	RB	5
1168	10	15	615.223419566	RB	10
1169	10	15	649.188236018	RB	20
1170	10	16	890.37167802	BB	5
1171	10	16	1335.16745092	BB	10
1172	10	16	1838.98719512	BB	20
1173	10	16	696.933822228	RB	5
1174	10	16	717.651931072	RB	10
1175	10	16	352.598629745	RB	20
1176	10	17	741.138817825	BB	5
1177	10	17	1317.50814095	BB	10
1178	10	17	1992.04262984	BB	20
1179	10	17	588.845318416	RB	5
1180	10	17	563.803526847	RB	10
1181	10	17	452.046432159	RB	20
1182	10	18	1004.84065495	BB	5
1183	10	18	1458.27076748	BB	10
1184	10	18	1987.94730656	BB	20
1185	10	18	554.489993874	RB	5
1186	10	18	590.57689569	RB	10
1187	10	18	555.968298076	RB	20
1188	10	19	930.330958432	BB	5
1189	10	19	1624.52969585	BB	10
1190	10	19	1909.24731214	BB	20
1191	10	19	592.538930221	RB	5
1192	10	19	603.010787971	RB	10
1193	10	19	571.565846272	RB	20
1194	10	20	1083.23268687	BB	5
1195	10	20	1377.89855896	BB	10
1196	10	20	1859.65789005	BB	20
1197	10	20	459.286117203	RB	5
1198	10	20	533.097325199	RB	10
1199	10	20	351.800821286	RB	20
1200	11	1	821.352810038	BB	5
1201	11	1	1533.73418964	BB	10
1202	11	1	1804.6519362	BB	20
1203	11	1	713.381898489	RB	5
1204	11	1	702.920884023	RB	10
1205	11	1	598.157365048	RB	20
1206	11	2	732.438465086	BB	5
1207	11	2	1236.47003744	BB	10
1208	11	2	2017.28498529	BB	20
1209	11	2	91.9924303094	RB	5
1210	11	2	553.688863209	RB	10
1211	11	2	150.912689596	RB	20
1212	11	3	594.977344644	BB	5
1213	11	3	1369.02376108	BB	10
1214	11	3	2361.37559125	BB	20
1215	11	3	497.166861458	RB	5
1216	11	3	500.791196073	RB	10
1217	11	3	147.418982115	RB	20
1218	11	4	807.620019726	BB	5
1219	11	4	1143.91420151	BB	10
1220	11	4	1866.62360842	BB	20
1221	11	4	338.433643272	RB	5
1222	11	4	153.10818564	RB	10
1223	11	4	13.9405964571	RB	20
1224	11	5	1148.25825499	BB	5
1225	11	5	1205.95398178	BB	10
1226	11	5	2310.79737484	BB	20
1227	11	5	395.990817233	RB	5
1228	11	5	652.644399579	RB	10
1229	11	5	157.700149326	RB	20
1230	11	6	1020.14427205	BB	5
1231	11	6	1192.00907361	BB	10
1232	11	6	1682.20764151	BB	20
1233	11	6	767.509512175	RB	5
1234	11	6	347.879982066	RB	10
1235	11	6	800.170033492	RB	20
1236	11	7	759.156035843	BB	5
1237	11	7	1248.2957171	BB	10
1238	11	7	1790.85083811	BB	20
1239	11	7	384.473708395	RB	5
1240	11	7	245.785145122	RB	10
1241	11	7	521.760182743	RB	20
1242	11	8	1114.12189487	BB	5
1243	11	8	1447.02901035	BB	10
1244	11	8	1795.71705248	BB	20
1245	11	8	323.182589802	RB	5
1246	11	8	221.72999039	RB	10
1247	11	8	478.130652315	RB	20
1248	11	9	1023.88655191	BB	5
1249	11	9	1168.20034546	BB	10
1250	11	9	1752.05419472	BB	20
1251	11	9	522.492723912	RB	5
1252	11	9	794.961696492	RB	10
1253	11	9	494.906324521	RB	20
1254	11	10	1410.85851215	BB	5
1255	11	10	1129.84558975	BB	10
1256	11	10	1971.47637668	BB	20
1257	11	10	819.201208104	RB	5
1258	11	10	345.103756307	RB	10
1259	11	10	223.001068516	RB	20
1260	11	11	1347.08394272	BB	5
1261	11	11	1204.43937239	BB	10
1262	11	11	1678.39440417	BB	20
1263	11	11	304.215398259	RB	5
1264	11	11	470.331619633	RB	10
1265	11	11	600.443193887	RB	20
1266	11	12	1040.75796594	BB	5
1267	11	12	1560.85890068	BB	10
1268	11	12	2058.33277095	BB	20
1269	11	12	505.489931441	RB	5
1270	11	12	256.866453752	RB	10
1271	11	12	571.699604202	RB	20
1272	11	13	939.211470404	BB	5
1273	11	13	1254.8407748	BB	10
1274	11	13	1694.38489451	BB	20
1275	11	13	791.957206543	RB	5
1276	11	13	353.080396252	RB	10
1277	11	13	276.449046888	RB	20
1278	11	14	1036.7221536	BB	5
1279	11	14	1266.51938853	BB	10
1280	11	14	1545.47129425	BB	20
1281	11	14	288.107251624	RB	5
1282	11	14	334.878552458	RB	10
1283	11	14	432.072533308	RB	20
1284	11	15	867.274935422	BB	5
1285	11	15	1384.82698364	BB	10
1286	11	15	2123.62278985	BB	20
1287	11	15	410.187975806	RB	5
1288	11	15	262.92089671	RB	10
1289	11	15	192.422335082	RB	20
1290	11	16	964.512778882	BB	5
1291	11	16	1642.01956559	BB	10
1292	11	16	2069.0299675	BB	20
1293	11	16	468.252480035	RB	5
1294	11	16	600.93705912	RB	10
1295	11	16	227.855473515	RB	20
1296	11	17	1160.45897273	BB	5
1297	11	17	1417.92336341	BB	10
1298	11	17	1459.59716316	BB	20
1299	11	17	566.509704644	RB	5
1300	11	17	487.396456175	RB	10
1301	11	17	486.119260765	RB	20
1302	11	18	1185.61635779	BB	5
1303	11	18	1561.74248858	BB	10
1304	11	18	1967.05301032	BB	20
1305	11	18	186.483183586	RB	5
1306	11	18	1118.15755836	RB	10
1307	11	18	276.291243061	RB	20
1308	11	19	644.356296316	BB	5
1309	11	19	1384.82014175	BB	10
1310	11	19	1625.99090763	BB	20
1311	11	19	293.17231289	RB	5
1312	11	19	172.873813466	RB	10
1313	11	19	97.17294763	RB	20
1314	11	20	948.31262235	BB	5
1315	11	20	1769.03227746	BB	10
1316	11	20	1495.67056602	BB	20
1317	11	20	135.266320051	RB	5
1318	11	20	165.85943881	RB	10
1319	11	20	236.750882922	RB	20
1320	12	1	977.102066996	BB	5
1321	12	1	1668.24659022	BB	10
1322	12	1	2216.17912648	BB	20
1323	12	1	440.026927647	RB	5
1324	12	1	477.864194729	RB	10
1325	12	1	765.574434956	RB	20
1326	12	2	1261.50721522	BB	5
1327	12	2	1678.87795048	BB	10
1328	12	2	1992.27486819	BB	20
1329	12	2	651.445974401	RB	5
1330	12	2	457.63813388	RB	10
1331	12	2	720.620494656	RB	20
1332	12	3	1158.19425162	BB	5
1333	12	3	1544.5413503	BB	10
1334	12	3	2151.53194472	BB	20
1335	12	3	561.283209944	RB	5
1336	12	3	677.087580192	RB	10
1337	12	3	469.354899919	RB	20
1338	12	4	1243.29840172	BB	5
1339	12	4	1829.23723389	BB	10
1340	12	4	2131.53396977	BB	20
1341	12	4	667.498303762	RB	5
1342	12	4	1045.02775417	RB	10
1343	12	4	818.63356882	RB	20
1344	12	5	1063.43344232	BB	5
1345	12	5	1677.23172962	BB	10
1346	12	5	2002.23857733	BB	20
1347	12	5	684.420074005	RB	5
1348	12	5	478.417998455	RB	10
1349	12	5	626.596857483	RB	20
1350	12	6	1285.80814881	BB	5
1351	12	6	1471.08128027	BB	10
1352	12	6	1971.28706662	BB	20
1353	12	6	774.446896196	RB	5
1354	12	6	842.825313977	RB	10
1355	12	6	588.908028079	RB	20
1356	12	7	1296.29488076	BB	5
1357	12	7	1695.34622301	BB	10
1358	12	7	2237.94133878	BB	20
1359	12	7	535.29147283	RB	5
1360	12	7	705.352695842	RB	10
1361	12	7	855.254999622	RB	20
1362	12	8	917.147621537	BB	5
1363	12	8	1427.38474396	BB	10
1364	12	8	2213.00348233	BB	20
1365	12	8	623.507018474	RB	5
1366	12	8	193.903427625	RB	10
1367	12	8	691.250840143	RB	20
1368	12	9	818.200965802	BB	5
1369	12	9	1693.38068662	BB	10
1370	12	9	2117.69070551	BB	20
1371	12	9	732.001448622	RB	5
1372	12	9	675.02394297	RB	10
1373	12	9	713.863632421	RB	20
1374	12	10	1556.13483443	BB	5
1375	12	10	1457.92762375	BB	10
1376	12	10	2173.61149859	BB	20
1377	12	10	1257.17316031	RB	5
1378	12	10	893.629613044	RB	10
1379	12	10	1039.33716751	RB	20
1380	12	11	1432.19316466	BB	5
1381	12	11	1550.56313092	BB	10
1382	12	11	2113.14749283	BB	20
1383	12	11	754.743754029	RB	5
1384	12	11	787.756729637	RB	10
1385	12	11	570.566431582	RB	20
1386	12	12	982.94005602	BB	5
1387	12	12	1769.44309761	BB	10
1388	12	12	2060.77478668	BB	20
1389	12	12	553.428549471	RB	5
1390	12	12	523.202136781	RB	10
1391	12	12	892.923295721	RB	20
1392	12	13	1066.31142168	BB	5
1393	12	13	1715.57396255	BB	10
1394	12	13	2000.43476177	BB	20
1395	12	13	664.150813905	RB	5
1396	12	13	613.36958226	RB	10
1397	12	13	453.912333553	RB	20
1398	12	14	1099.73331194	BB	5
1399	12	14	1620.38747023	BB	10
1400	12	14	2309.29263841	BB	20
1401	12	14	630.702916743	RB	5
1402	12	14	465.831516283	RB	10
1403	12	14	745.101965012	RB	20
1404	12	15	1134.56495605	BB	5
1405	12	15	2028.24684177	BB	10
1406	12	15	1935.55738695	BB	20
1407	12	15	752.17719211	RB	5
1408	12	15	699.799447522	RB	10
1409	12	15	811.427488317	RB	20
1410	12	16	1075.6541027	BB	5
1411	12	16	1649.07334884	BB	10
1412	12	16	2220.4864383	BB	20
1413	12	16	831.477445096	RB	5
1414	12	16	1107.59894855	RB	10
1415	12	16	556.053019483	RB	20
1416	12	17	1311.66240557	BB	5
1417	12	17	1494.15387344	BB	10
1418	12	17	2264.55317392	BB	20
1419	12	17	757.239016203	RB	5
1420	12	17	594.16080234	RB	10
1421	12	17	739.945879215	RB	20
1422	12	18	1203.96661824	BB	5
1423	12	18	1655.69120111	BB	10
1424	12	18	2153.69306858	BB	20
1425	12	18	1062.22442014	RB	5
1426	12	18	514.356478587	RB	10
1427	12	18	522.196644986	RB	20
1428	12	19	1157.58374534	BB	5
1429	12	19	1821.33275642	BB	10
1430	12	19	1896.10288226	BB	20
1431	12	19	582.43269896	RB	5
1432	12	19	920.778113052	RB	10
1433	12	19	560.586040812	RB	20
1434	12	20	1174.11854074	BB	5
1435	12	20	1686.48011338	BB	10
1436	12	20	1721.44204064	BB	20
1437	12	20	639.860298558	RB	5
1438	12	20	634.666038178	RB	10
1439	12	20	971.282873108	RB	20
1440	13	1	1273.67864954	BB	5
1441	13	1	1245.12418855	BB	10
1442	13	1	1964.47379124	BB	20
1443	13	1	482.962705301	RB	5
1444	13	1	861.377186425	RB	10
1445	13	1	972.22765328	RB	20
1446	13	2	922.538806047	BB	5
1447	13	2	2005.4358713	BB	10
1448	13	2	2209.74336399	BB	20
1449	13	2	818.971852812	RB	5
1450	13	2	683.310260405	RB	10
1451	13	2	794.377698199	RB	20
1452	13	3	1562.63394645	BB	5
1453	13	3	1676.06270607	BB	10
1454	13	3	2117.87801373	BB	20
1455	13	3	1086.60545204	RB	5
1456	13	3	1288.5656915	RB	10
1457	13	3	1267.14740084	RB	20
1458	13	4	1352.0151557	BB	5
1459	13	4	1792.16623069	BB	10
1460	13	4	2199.6289742	BB	20
1461	13	4	602.676230028	RB	5
1462	13	4	869.44191609	RB	10
1463	13	4	1077.33029582	RB	20
1464	13	5	1548.05884277	BB	5
1465	13	5	1916.09286774	BB	10
1466	13	5	2300.23120142	BB	20
1467	13	5	1352.15941316	RB	5
1468	13	5	757.906856413	RB	10
1469	13	5	560.707683333	RB	20
1470	13	6	1288.54088875	BB	5
1471	13	6	1331.49836149	BB	10
1472	13	6	2157.78739836	BB	20
1473	13	6	783.605257236	RB	5
1474	13	6	646.997961959	RB	10
1475	13	6	901.060333567	RB	20
1476	13	7	1655.14075976	BB	5
1477	13	7	2077.59959918	BB	10
1478	13	7	2207.84581875	BB	20
1479	13	7	996.223796769	RB	5
1480	13	7	591.757248429	RB	10
1481	13	7	998.238708137	RB	20
1482	13	8	1294.7603383	BB	5
1483	13	8	1472.01448982	BB	10
1484	13	8	2757.37403494	BB	20
1485	13	8	445.002826519	RB	5
1486	13	8	645.500810344	RB	10
1487	13	8	894.486564539	RB	20
1488	13	9	1238.24525557	BB	5
1489	13	9	1683.49831088	BB	10
1490	13	9	1677.20846685	BB	20
1491	13	9	570.433306102	RB	5
1492	13	9	1398.32323843	RB	10
1493	13	9	641.947123036	RB	20
1494	13	10	1548.17710561	BB	5
1495	13	10	1862.14781805	BB	10
1496	13	10	1891.5388451	BB	20
1497	13	10	1000.75804501	RB	5
1498	13	10	445.431034363	RB	10
1499	13	10	1056.1307262	RB	20
1500	13	11	908.708259063	BB	5
1501	13	11	1921.90278834	BB	10
1502	13	11	2187.43372513	BB	20
1503	13	11	766.508291733	RB	5
1504	13	11	914.177337355	RB	10
1505	13	11	773.627340783	RB	20
1506	13	12	995.88639205	BB	5
1507	13	12	1411.75175538	BB	10
1508	13	12	2690.62871936	BB	20
1509	13	12	1310.33960574	RB	5
1510	13	12	891.57643279	RB	10
1511	13	12	836.937887854	RB	20
1512	13	13	1997.77280515	BB	5
1513	13	13	2001.14001214	BB	10
1514	13	13	2204.46928537	BB	20
1515	13	13	1106.07886747	RB	5
1516	13	13	607.303371733	RB	10
1517	13	13	379.151343794	RB	20
1518	13	14	727.479366093	BB	5
1519	13	14	1580.28503912	BB	10
1520	13	14	2340.13464927	BB	20
1521	13	14	1067.04195701	RB	5
1522	13	14	1082.80389827	RB	10
1523	13	14	1126.45767055	RB	20
1524	13	15	1314.89930654	BB	5
1525	13	15	1647.34135817	BB	10
1526	13	15	2458.21176283	BB	20
1527	13	15	922.888983285	RB	5
1528	13	15	756.337457257	RB	10
1529	13	15	574.509198927	RB	20
1530	13	16	1338.53938625	BB	5
1531	13	16	1997.04523762	BB	10
1532	13	16	2021.92259748	BB	20
1533	13	16	934.166392318	RB	5
1534	13	16	1102.97788889	RB	10
1535	13	16	463.444299422	RB	20
1536	13	17	1369.05636358	BB	5
1537	13	17	1634.64654875	BB	10
1538	13	17	2308.30150859	BB	20
1539	13	17	743.955411269	RB	5
1540	13	17	21.1840413281	RB	10
1541	13	17	1102.45796013	RB	20
1542	13	18	1517.10250211	BB	5
1543	13	18	1420.02298352	BB	10
1544	13	18	2265.64098585	BB	20
1545	13	18	1089.49056884	RB	5
1546	13	18	898.438509166	RB	10
1547	13	18	1368.27099095	RB	20
1548	13	19	915.699906699	BB	5
1549	13	19	1610.70459843	BB	10
1550	13	19	2073.20108449	BB	20
1551	13	19	1170.43033202	RB	5
1552	13	19	1392.19109198	RB	10
1553	13	19	1028.06760931	RB	20
1554	13	20	1172.15682039	BB	5
1555	13	20	1498.09515325	BB	10
1556	13	20	2301.74065697	BB	20
1557	13	20	918.4373243	RB	5
1558	13	20	688.303080247	RB	10
1559	13	20	1218.05198627	RB	20
1560	14	1	2281.73414391	BB	5
1561	14	1	1409.63982521	BB	10
1562	14	1	2171.56476139	BB	20
1563	14	1	592.612771936	RB	5
1564	14	1	941.901575021	RB	10
1565	14	1	919.04301232	RB	20
1566	14	2	939.125218252	BB	5
1567	14	2	1821.81612047	BB	10
1568	14	2	2838.58119007	BB	20
1569	14	2	1168.94822439	RB	5
1570	14	2	902.534540906	RB	10
1571	14	2	1151.76024732	RB	20
1572	14	3	1139.88942955	BB	5
1573	14	3	1303.95695352	BB	10
1574	14	3	2451.28708769	BB	20
1575	14	3	1097.58284713	RB	5
1576	14	3	1121.4993068	RB	10
1577	14	3	1055.81111599	RB	20
1578	14	4	1739.11133686	BB	5
1579	14	4	1571.32793442	BB	10
1580	14	4	2191.18963664	BB	20
1581	14	4	1350.43569485	RB	5
1582	14	4	435.462756137	RB	10
1583	14	4	1097.06027457	RB	20
1584	14	5	1106.96227684	BB	5
1585	14	5	2298.95941164	BB	10
1586	14	5	3176.94186884	BB	20
1587	14	5	425.399642924	RB	5
1588	14	5	1376.54952144	RB	10
1589	14	5	611.354144709	RB	20
1590	14	6	1093.34573535	BB	5
1591	14	6	2157.75112995	BB	10
1592	14	6	2498.37034951	BB	20
1593	14	6	533.324333215	RB	5
1594	14	6	1052.25213286	RB	10
1595	14	6	880.169946441	RB	20
1596	14	7	1719.46672163	BB	5
1597	14	7	2548.75749248	BB	10
1598	14	7	2264.89179524	BB	20
1599	14	7	1176.60994673	RB	5
1600	14	7	1306.91213143	RB	10
1601	14	7	1077.14968101	RB	20
1602	14	8	1472.64012157	BB	5
1603	14	8	1959.81364018	BB	10
1604	14	8	2252.95475474	BB	20
1605	14	8	1069.07976629	RB	5
1606	14	8	1733.02163534	RB	10
1607	14	8	782.886479618	RB	20
1608	14	9	1478.92365457	BB	5
1609	14	9	2050.16419374	BB	10
1610	14	9	2497.69403974	BB	20
1611	14	9	1200.47181912	RB	5
1612	14	9	1069.07803186	RB	10
1613	14	9	752.854401095	RB	20
1614	14	10	1947.61847246	BB	5
1615	14	10	2696.42769255	BB	10
1616	14	10	2527.75593264	BB	20
1617	14	10	813.277956272	RB	5
1618	14	10	828.635915679	RB	10
1619	14	10	942.014541287	RB	20
1620	14	11	683.39288502	BB	5
1621	14	11	1824.53568843	BB	10
1622	14	11	1945.21024342	BB	20
1623	14	11	802.310829148	RB	5
1624	14	11	869.741243154	RB	10
1625	14	11	551.280858266	RB	20
1626	14	12	1465.4580958	BB	5
1627	14	12	2365.21051602	BB	10
1628	14	12	2329.99064608	BB	20
1629	14	12	1444.94518192	RB	5
1630	14	12	882.900274999	RB	10
1631	14	12	1506.67824937	RB	20
1632	14	13	1682.11154585	BB	5
1633	14	13	1451.40801444	BB	10
1634	14	13	1877.68970497	BB	20
1635	14	13	1407.42149927	RB	5
1636	14	13	627.92074405	RB	10
1637	14	13	1314.97294994	RB	20
1638	14	14	978.977539404	BB	5
1639	14	14	1929.96713669	BB	10
1640	14	14	2472.23732695	BB	20
1641	14	14	638.870662589	RB	5
1642	14	14	984.17430899	RB	10
1643	14	14	442.55384648	RB	20
1644	14	15	915.454483281	BB	5
1645	14	15	2197.92395978	BB	10
1646	14	15	2070.05710136	BB	20
1647	14	15	947.738716292	RB	5
1648	14	15	1080.16069734	RB	10
1649	14	15	935.094473323	RB	20
1650	14	16	1164.29945036	BB	5
1651	14	16	1277.6038917	BB	10
1652	14	16	2183.97222645	BB	20
1653	14	16	1077.95973482	RB	5
1654	14	16	980.457151231	RB	10
1655	14	16	1317.910149	RB	20
1656	14	17	1327.75603451	BB	5
1657	14	17	952.727107051	BB	10
1658	14	17	2323.7051092	BB	20
1659	14	17	249.216479924	RB	5
1660	14	17	787.05590563	RB	10
1661	14	17	1166.50909271	RB	20
1662	14	18	1868.7618674	BB	5
1663	14	18	1391.28886522	BB	10
1664	14	18	2723.39429	BB	20
1665	14	18	1185.74130062	RB	5
1666	14	18	983.071190679	RB	10
1667	14	18	816.288017644	RB	20
1668	14	19	904.63408101	BB	5
1669	14	19	638.153163851	BB	10
1670	14	19	2357.50456755	BB	20
1671	14	19	1113.21628373	RB	5
1672	14	19	795.531128123	RB	10
1673	14	19	908.204548159	RB	20
1674	14	20	1710.45246331	BB	5
1675	14	20	1935.44547642	BB	10
1676	14	20	1973.79048863	BB	20
1677	14	20	530.561568485	RB	5
1678	14	20	925.846392686	RB	10
1679	14	20	392.796823468	RB	20
1680	15	1	1521.89217992	BB	5
1681	15	1	1717.70321824	BB	10
1682	15	1	1803.78772699	BB	20
1683	15	1	908.596569043	RB	5
1684	15	1	654.962064302	RB	10
1685	15	1	846.843255336	RB	20
1686	15	2	916.635410449	BB	5
1687	15	2	1166.79251277	BB	10
1688	15	2	2395.01495745	BB	20
1689	15	2	1104.43895953	RB	5
1690	15	2	178.694235826	RB	10
1691	15	2	289.619586954	RB	20
1692	15	3	1471.50399802	BB	5
1693	15	3	1470.11596922	BB	10
1694	15	3	1925.6017308	BB	20
1695	15	3	938.865063127	RB	5
1696	15	3	1058.86681678	RB	10
1697	15	3	299.82013577	RB	20
1698	15	4	1441.01847497	BB	5
1699	15	4	1924.66845631	BB	10
1700	15	4	2478.22284922	BB	20
1701	15	4	339.786405586	RB	5
1702	15	4	1304.06729216	RB	10
1703	15	4	126.014321439	RB	20
1704	15	5	1094.06081869	BB	5
1705	15	5	1177.07822284	BB	10
1706	15	5	2291.85724913	BB	20
1707	15	5	575.96051514	RB	5
1708	15	5	486.661398169	RB	10
1709	15	5	1104.10761871	RB	20
1710	15	6	1010.36946197	BB	5
1711	15	6	1584.30092053	BB	10
1712	15	6	2041.528875	BB	20
1713	15	6	1065.73736165	RB	5
1714	15	6	625.932254377	RB	10
1715	15	6	620.937611859	RB	20
1716	15	7	512.534906448	BB	5
1717	15	7	1498.36888711	BB	10
1718	15	7	2013.84276863	BB	20
1719	15	7	368.949321778	RB	5
1720	15	7	92.6613745388	RB	10
1721	15	7	671.247808795	RB	20
1722	15	8	1238.22525005	BB	5
1723	15	8	1907.35282925	BB	10
1724	15	8	2400.90856962	BB	20
1725	15	8	812.989526074	RB	5
1726	15	8	486.874021989	RB	10
1727	15	8	301.680060594	RB	20
1728	15	9	805.604684499	BB	5
1729	15	9	1692.17405544	BB	10
1730	15	9	2499.04580286	BB	20
1731	15	9	401.161666346	RB	5
1732	15	9	870.274469717	RB	10
1733	15	9	834.265501603	RB	20
1734	15	10	800.741409565	BB	5
1735	15	10	1541.95349542	BB	10
1736	15	10	2275.65343806	BB	20
1737	15	10	719.112435992	RB	5
1738	15	10	976.410507547	RB	10
1739	15	10	436.700356986	RB	20
1740	15	11	1174.61516335	BB	5
1741	15	11	1829.76565945	BB	10
1742	15	11	1750.02720045	BB	20
1743	15	11	638.508036664	RB	5
1744	15	11	640.247016922	RB	10
1745	15	11	837.582602518	RB	20
1746	15	12	1356.76138931	BB	5
1747	15	12	1351.29671453	BB	10
1748	15	12	1468.60881817	BB	20
1749	15	12	1290.79036318	RB	5
1750	15	12	136.952454051	RB	10
1751	15	12	900.806639263	RB	20
1752	15	13	1340.32011892	BB	5
1753	15	13	1611.31298883	BB	10
1754	15	13	2215.50276408	BB	20
1755	15	13	1499.56163721	RB	5
1756	15	13	1380.3802706	RB	10
1757	15	13	403.160511398	RB	20
1758	15	14	1162.15019742	BB	5
1759	15	14	1560.49491998	BB	10
1760	15	14	1995.53959854	BB	20
1761	15	14	169.636573358	RB	5
1762	15	14	910.298318299	RB	10
1763	15	14	323.846197204	RB	20
1764	15	15	1323.82194897	BB	5
1765	15	15	1440.22619799	BB	10
1766	15	15	2736.54809783	BB	20
1767	15	15	125.349799794	RB	5
1768	15	15	403.977484051	RB	10
1769	15	15	155.155887011	RB	20
1770	15	16	1214.77311898	BB	5
1771	15	16	2476.14522509	BB	10
1772	15	16	1801.10753052	BB	20
1773	15	16	959.157268218	RB	5
1774	15	16	1151.80815824	RB	10
1775	15	16	595.853727971	RB	20
1776	15	17	1262.95851518	BB	5
1777	15	17	1455.4883747	BB	10
1778	15	17	1856.88489606	BB	20
1779	15	17	740.444744058	RB	5
1780	15	17	559.285814324	RB	10
1781	15	17	723.840448042	RB	20
1782	15	18	1277.40914007	BB	5
1783	15	18	1422.08526731	BB	10
1784	15	18	1788.38171296	BB	20
1785	15	18	1046.33774684	RB	5
1786	15	18	1260.87650869	RB	10
1787	15	18	257.675482099	RB	20
1788	15	19	1374.03467654	BB	5
1789	15	19	1654.79055967	BB	10
1790	15	19	2330.01478856	BB	20
1791	15	19	628.806384247	RB	5
1792	15	19	420.19546453	RB	10
1793	15	19	1292.77830941	RB	20
1794	15	20	1432.57391491	BB	5
1795	15	20	1787.16054006	BB	10
1796	15	20	2630.16415663	BB	20
1797	15	20	720.886782585	RB	5
1798	15	20	832.555056593	RB	10
1799	15	20	457.426113497	RB	20
1800	16	1	1369.23875042	BB	5
1801	16	1	1818.61667564	BB	10
1802	16	1	2320.34950437	BB	20
1803	16	1	577.247940817	RB	5
1804	16	1	100.221886998	RB	10
1805	16	1	871.244858102	RB	20
1806	16	2	880.992155109	BB	5
1807	16	2	1620.58878143	BB	10
1808	16	2	2409.86952252	BB	20
1809	16	2	583.279529623	RB	5
1810	16	2	624.410928393	RB	10
1811	16	2	883.033238189	RB	20
1812	16	3	1051.0396035	BB	5
1813	16	3	1693.27280347	BB	10
1814	16	3	1493.86038118	BB	20
1815	16	3	68.5667357326	RB	5
1816	16	3	467.715237898	RB	10
1817	16	3	825.432339724	RB	20
1818	16	4	839.560361177	BB	5
1819	16	4	1472.85542427	BB	10
1820	16	4	2236.6359549	BB	20
1821	16	4	437.176554601	RB	5
1822	16	4	472.814980223	RB	10
1823	16	4	871.209914443	RB	20
1824	16	5	1345.70987107	BB	5
1825	16	5	1624.67173993	BB	10
1826	16	5	2417.66287238	BB	20
1827	16	5	446.730239647	RB	5
1828	16	5	311.573448148	RB	10
1829	16	5	1060.05930975	RB	20
1830	16	6	1033.47120407	BB	5
1831	16	6	1623.63669491	BB	10
1832	16	6	2017.057101	BB	20
1833	16	6	692.334053213	RB	5
1834	16	6	267.2749929	RB	10
1835	16	6	869.397805336	RB	20
1836	16	7	1590.95766764	BB	5
1837	16	7	1248.07785381	BB	10
1838	16	7	1927.32316615	BB	20
1839	16	7	486.011929403	RB	5
1840	16	7	449.540880334	RB	10
1841	16	7	903.339895402	RB	20
1842	16	8	1131.34206677	BB	5
1843	16	8	1559.57942411	BB	10
1844	16	8	2296.58298613	BB	20
1845	16	8	427.483354206	RB	5
1846	16	8	243.723656104	RB	10
1847	16	8	499.361156653	RB	20
1848	16	9	1270.80827372	BB	5
1849	16	9	1326.60094382	BB	10
1850	16	9	2380.26482334	BB	20
1851	16	9	712.027924275	RB	5
1852	16	9	471.262308549	RB	10
1853	16	9	789.23934281	RB	20
1854	16	10	1030.99391045	BB	5
1855	16	10	1904.08111105	BB	10
1856	16	10	1715.78555933	BB	20
1857	16	10	476.453685051	RB	5
1858	16	10	660.736134413	RB	10
1859	16	10	929.635388629	RB	20
1860	16	11	1276.67166115	BB	5
1861	16	11	1703.65341086	BB	10
1862	16	11	1956.58398682	BB	20
1863	16	11	351.917134995	RB	5
1864	16	11	617.795771852	RB	10
1865	16	11	494.218874607	RB	20
1866	16	12	771.998234008	BB	5
1867	16	12	1488.91564842	BB	10
1868	16	12	2304.59628371	BB	20
1869	16	12	479.462792155	RB	5
1870	16	12	780.600116285	RB	10
1871	16	12	581.56469869	RB	20
1872	16	13	1618.98613552	BB	5
1873	16	13	1657.58533631	BB	10
1874	16	13	1761.71744349	BB	20
1875	16	13	903.560076297	RB	5
1876	16	13	541.071975539	RB	10
1877	16	13	584.172770122	RB	20
1878	16	14	1084.88864871	BB	5
1879	16	14	1886.26245041	BB	10
1880	16	14	1861.31260811	BB	20
1881	16	14	677.522099816	RB	5
1882	16	14	867.310583117	RB	10
1883	16	14	241.175745549	RB	20
1884	16	15	1372.27515343	BB	5
1885	16	15	1350.73026101	BB	10
1886	16	15	2264.13901899	BB	20
1887	16	15	588.392130813	RB	5
1888	16	15	888.951994222	RB	10
1889	16	15	736.584966156	RB	20
1890	16	16	1316.96382371	BB	5
1891	16	16	1515.78460708	BB	10
1892	16	16	1964.49045989	BB	20
1893	16	16	992.116387106	RB	5
1894	16	16	603.60818628	RB	10
1895	16	16	631.262975414	RB	20
1896	16	17	1369.83995294	BB	5
1897	16	17	1528.39623982	BB	10
1898	16	17	2176.58523661	BB	20
1899	16	17	674.644046461	RB	5
1900	16	17	1113.89319243	RB	10
1901	16	17	753.041727209	RB	20
1902	16	18	865.039664826	BB	5
1903	16	18	1925.17623068	BB	10
1904	16	18	2381.58540531	BB	20
1905	16	18	390.240348794	RB	5
1906	16	18	1050.36080017	RB	10
1907	16	18	97.0713272824	RB	20
1908	16	19	1291.43716755	BB	5
1909	16	19	1865.23424029	BB	10
1910	16	19	2522.86372186	BB	20
1911	16	19	106.177648563	RB	5
1912	16	19	865.978781805	RB	10
1913	16	19	1207.44253642	RB	20
1914	16	20	1237.02062191	BB	5
1915	16	20	1834.21691543	BB	10
1916	16	20	2007.41507784	BB	20
1917	16	20	1042.86415802	RB	5
1918	16	20	1237.80194645	RB	10
1919	16	20	710.616682071	RB	20
1920	17	1	1540.9594333	BB	5
1921	17	1	1892.01280943	BB	10
1922	17	1	1782.10861875	BB	20
1923	17	1	1025.70243694	RB	5
1924	17	1	896.781790198	RB	10
1925	17	1	744.843656682	RB	20
1926	17	2	1641.39665658	BB	5
1927	17	2	1665.83156307	BB	10
1928	17	2	2222.69021748	BB	20
1929	17	2	1422.79099844	RB	5
1930	17	2	968.593443206	RB	10
1931	17	2	893.116910387	RB	20
1932	17	3	1801.73812046	BB	5
1933	17	3	2279.32410628	BB	10
1934	17	3	2015.67914599	BB	20
1935	17	3	292.641170773	RB	5
1936	17	3	740.839627278	RB	10
1937	17	3	949.805598066	RB	20
1938	17	4	1095.37384302	BB	5
1939	17	4	1887.12395322	BB	10
1940	17	4	2570.32813808	BB	20
1941	17	4	913.370997497	RB	5
1942	17	4	644.712350344	RB	10
1943	17	4	1071.92750271	RB	20
1944	17	5	1239.65075986	BB	5
1945	17	5	2111.98652429	BB	10
1946	17	5	2614.78837276	BB	20
1947	17	5	925.705520558	RB	5
1948	17	5	1056.15590692	RB	10
1949	17	5	958.686658891	RB	20
1950	17	6	1122.25888706	BB	5
1951	17	6	1707.43516386	BB	10
1952	17	6	2326.29565197	BB	20
1953	17	6	882.145724314	RB	5
1954	17	6	1193.5350557	RB	10
1955	17	6	788.169210332	RB	20
1956	17	7	1571.45452892	BB	5
1957	17	7	2184.75851088	BB	10
1958	17	7	2221.52570641	BB	20
1959	17	7	813.440451623	RB	5
1960	17	7	1029.57571318	RB	10
1961	17	7	937.851600507	RB	20
1962	17	8	1534.58568251	BB	5
1963	17	8	2253.60261281	BB	10
1964	17	8	2539.54331481	BB	20
1965	17	8	890.444319223	RB	5
1966	17	8	1106.83076247	RB	10
1967	17	8	1366.79963495	RB	20
1968	17	9	1653.2911139	BB	5
1969	17	9	1812.02519161	BB	10
1970	17	9	2479.11452987	BB	20
1971	17	9	1056.04473492	RB	5
1972	17	9	520.46514348	RB	10
1973	17	9	1668.33034116	RB	20
1974	17	10	1836.79107761	BB	5
1975	17	10	2864.82339588	BB	10
1976	17	10	2400.13260329	BB	20
1977	17	10	1361.1110413	RB	5
1978	17	10	960.586956038	RB	10
1979	17	10	1222.69414262	RB	20
1980	17	11	1792.82587774	BB	5
1981	17	11	1934.19878401	BB	10
1982	17	11	2200.00847438	BB	20
1983	17	11	1391.80809231	RB	5
1984	17	11	886.981204917	RB	10
1985	17	11	846.498661192	RB	20
1986	17	12	1063.64933796	BB	5
1987	17	12	1690.32721584	BB	10
1988	17	12	2409.39638228	BB	20
1989	17	12	1184.15170285	RB	5
1990	17	12	641.065127309	RB	10
1991	17	12	927.90049101	RB	20
1992	17	13	1621.61728894	BB	5
1993	17	13	2297.78523977	BB	10
1994	17	13	2140.86798115	BB	20
1995	17	13	946.595767785	RB	5
1996	17	13	1049.55250288	RB	10
1997	17	13	743.602719125	RB	20
1998	17	14	1346.13090092	BB	5
1999	17	14	2407.06742592	BB	10
2000	17	14	2264.88437545	BB	20
2001	17	14	745.332056252	RB	5
2002	17	14	858.317837686	RB	10
2003	17	14	770.344730273	RB	20
2004	17	15	1471.6715248	BB	5
2005	17	15	2145.32817092	BB	10
2006	17	15	2542.068296	BB	20
2007	17	15	950.562061583	RB	5
2008	17	15	542.700757258	RB	10
2009	17	15	848.699025329	RB	20
2010	17	16	1114.10501798	BB	5
2011	17	16	2517.48046352	BB	10
2012	17	16	2352.24196412	BB	20
2013	17	16	935.768180189	RB	5
2014	17	16	1185.23964319	RB	10
2015	17	16	1407.37782724	RB	20
2016	17	17	1651.91095708	BB	5
2017	17	17	1708.46476354	BB	10
2018	17	17	2178.78877931	BB	20
2019	17	17	654.344270885	RB	5
2020	17	17	1418.20080369	RB	10
2021	17	17	762.772712105	RB	20
2022	17	18	1004.50269136	BB	5
2023	17	18	1946.56464122	BB	10
2024	17	18	2411.14541532	BB	20
2025	17	18	724.936995978	RB	5
2026	17	18	835.20764316	RB	10
2027	17	18	1059.33085499	RB	20
2028	17	19	1608.43146048	BB	5
2029	17	19	2038.48236294	BB	10
2030	17	19	2329.95707967	BB	20
2031	17	19	988.203522467	RB	5
2032	17	19	648.231724434	RB	10
2033	17	19	1333.32394362	RB	20
2034	17	20	1360.26764923	BB	5
2035	17	20	2219.32398509	BB	10
2036	17	20	2068.39268214	BB	20
2037	17	20	1050.77609372	RB	5
2038	17	20	1006.04717821	RB	10
2039	17	20	1083.81763909	RB	20
2040	18	1	1140.74460844	BB	5
2041	18	1	1295.52451252	BB	10
2042	18	1	1955.82630954	BB	20
2043	18	1	349.61718612	RB	5
2044	18	1	532.136126577	RB	10
2045	18	1	660.719947377	RB	20
2046	18	2	785.546898662	BB	5
2047	18	2	1501.78766435	BB	10
2048	18	2	1792.86950032	BB	20
2049	18	2	457.256776528	RB	5
2050	18	2	443.412544842	RB	10
2051	18	2	320.916939773	RB	20
2052	18	3	1016.95740601	BB	5
2053	18	3	1202.17158419	BB	10
2054	18	3	1795.35718091	BB	20
2055	18	3	477.754692073	RB	5
2056	18	3	585.697194661	RB	10
2057	18	3	422.400501688	RB	20
2058	18	4	701.1261673	BB	5
2059	18	4	1237.28832325	BB	10
2060	18	4	1998.35239008	BB	20
2061	18	4	383.773224885	RB	5
2062	18	4	335.080753751	RB	10
2063	18	4	413.099893051	RB	20
2064	18	5	959.379195248	BB	5
2065	18	5	1414.74643044	BB	10
2066	18	5	1996.56720067	BB	20
2067	18	5	362.060805682	RB	5
2068	18	5	488.872606452	RB	10
2069	18	5	413.745248016	RB	20
2070	18	6	1035.66638465	BB	5
2071	18	6	1248.38984306	BB	10
2072	18	6	1867.14911914	BB	20
2073	18	6	589.355080058	RB	5
2074	18	6	531.168565674	RB	10
2075	18	6	259.043186926	RB	20
2076	18	7	835.36450489	BB	5
2077	18	7	1363.79278113	BB	10
2078	18	7	1700.78912462	BB	20
2079	18	7	445.781971904	RB	5
2080	18	7	575.933848247	RB	10
2081	18	7	661.871418713	RB	20
2082	18	8	875.027242484	BB	5
2083	18	8	1290.28930463	BB	10
2084	18	8	1873.62577208	BB	20
2085	18	8	559.083934024	RB	5
2086	18	8	591.854835056	RB	10
2087	18	8	460.820767718	RB	20
2088	18	9	973.25110392	BB	5
2089	18	9	1463.67581393	BB	10
2090	18	9	1901.99789347	BB	20
2091	18	9	375.478842521	RB	5
2092	18	9	574.82240673	RB	10
2093	18	9	618.634793945	RB	20
2094	18	10	1066.79034761	BB	5
2095	18	10	1306.51725983	BB	10
2096	18	10	1871.23229566	BB	20
2097	18	10	570.013784896	RB	5
2098	18	10	341.306228013	RB	10
2099	18	10	465.467055225	RB	20
2100	18	11	876.70137805	BB	5
2101	18	11	1523.05431217	BB	10
2102	18	11	1823.17463804	BB	20
2103	18	11	393.265037773	RB	5
2104	18	11	433.273010519	RB	10
2105	18	11	450.29280555	RB	20
2106	18	12	912.939266166	BB	5
2107	18	12	1435.82403751	BB	10
2108	18	12	1883.29574626	BB	20
2109	18	12	565.223774137	RB	5
2110	18	12	490.228698201	RB	10
2111	18	12	407.767628964	RB	20
2112	18	13	867.942367199	BB	5
2113	18	13	1309.85193736	BB	10
2114	18	13	1877.40786685	BB	20
2115	18	13	579.420634805	RB	5
2116	18	13	379.833505818	RB	10
2117	18	13	731.414040669	RB	20
2118	18	14	1023.31677584	BB	5
2119	18	14	1409.3831133	BB	10
2120	18	14	1729.66985728	BB	20
2121	18	14	605.8691887	RB	5
2122	18	14	214.810244625	RB	10
2123	18	14	467.062890984	RB	20
2124	18	15	772.646855503	BB	5
2125	18	15	1463.92537848	BB	10
2126	18	15	1799.02718041	BB	20
2127	18	15	333.979013677	RB	5
2128	18	15	532.019143289	RB	10
2129	18	15	559.044265928	RB	20
2130	18	16	1063.17683216	BB	5
2131	18	16	1267.39437255	BB	10
2132	18	16	2038.1946204	BB	20
2133	18	16	665.945471249	RB	5
2134	18	16	508.402357459	RB	10
2135	18	16	497.912247304	RB	20
2136	18	17	947.037742956	BB	5
2137	18	17	1422.13211729	BB	10
2138	18	17	1739.03439487	BB	20
2139	18	17	760.634236076	RB	5
2140	18	17	483.821285111	RB	10
2141	18	17	203.028802079	RB	20
2142	18	18	748.847601188	BB	5
2143	18	18	1397.08445837	BB	10
2144	18	18	1852.61776985	BB	20
2145	18	18	455.361946042	RB	5
2146	18	18	821.992883116	RB	10
2147	18	18	415.987014174	RB	20
2148	18	19	1214.48598202	BB	5
2149	18	19	1281.37274871	BB	10
2150	18	19	1885.79679847	BB	20
2151	18	19	523.116347467	RB	5
2152	18	19	320.765832885	RB	10
2153	18	19	515.62266732	RB	20
2154	18	20	1091.80682461	BB	5
2155	18	20	1425.6515104	BB	10
2156	18	20	2036.23464988	BB	20
2157	18	20	500.049587448	RB	5
2158	18	20	624.133145555	RB	10
2159	18	20	591.752284592	RB	20
2160	19	1	215.240641336	BB	5
2161	19	1	1621.49380855	BB	10
2162	19	1	2191.16089643	BB	20
2163	19	1	518.788380124	RB	5
2164	19	1	173.803303448	RB	10
2165	19	1	440.013625219	RB	20
2166	19	2	786.326311385	BB	5
2167	19	2	1616.32624127	BB	10
2168	19	2	1684.99948097	BB	20
2169	19	2	274.252633979	RB	5
2170	19	2	931.084822375	RB	10
2171	19	2	646.861217314	RB	20
2172	19	3	756.895250087	BB	5
2173	19	3	1626.09359472	BB	10
2174	19	3	2146.18989282	BB	20
2175	19	3	980.341656984	RB	5
2176	19	3	429.421446625	RB	10
2177	19	3	61.861128123	RB	20
2178	19	4	624.293503211	BB	5
2179	19	4	1394.18794541	BB	10
2180	19	4	1893.85422938	BB	20
2181	19	4	754.96734411	RB	5
2182	19	4	723.63923641	RB	10
2183	19	4	534.267433644	RB	20
2184	19	5	661.76383221	BB	5
2185	19	5	923.450597601	BB	10
2186	19	5	1655.68122776	BB	20
2187	19	5	28.8588829465	RB	5
2188	19	5	290.036773557	RB	10
2189	19	5	547.185555854	RB	20
2190	19	6	1116.43661521	BB	5
2191	19	6	980.729884565	BB	10
2192	19	6	1372.25257953	BB	20
2193	19	6	527.827719335	RB	5
2194	19	6	205.55394414	RB	10
2195	19	6	453.709087753	RB	20
2196	19	7	1039.53415108	BB	5
2197	19	7	947.438233425	BB	10
2198	19	7	1766.73548512	BB	20
2199	19	7	501.612492416	RB	5
2200	19	7	533.162229444	RB	10
2201	19	7	29.4830693815	RB	20
2202	19	8	1268.98718414	BB	5
2203	19	8	1253.18808576	BB	10
2204	19	8	2024.41586691	BB	20
2205	19	8	570.418220369	RB	5
2206	19	8	96.2655842118	RB	10
2207	19	8	8.03224251222	RB	20
2208	19	9	547.655260404	BB	5
2209	19	9	876.456953043	BB	10
2210	19	9	1562.87606633	BB	20
2211	19	9	351.676003326	RB	5
2212	19	9	65.5432046205	RB	10
2213	19	9	445.618786673	RB	20
2214	19	10	699.437133177	BB	5
2215	19	10	1405.80691301	BB	10
2216	19	10	1956.24510564	BB	20
2217	19	10	352.787826179	RB	5
2218	19	10	423.86496482	RB	10
2219	19	10	930.231438793	RB	20
2220	19	11	826.63718001	BB	5
2221	19	11	1166.91472377	BB	10
2222	19	11	2553.74542822	BB	20
2223	19	11	547.35964349	RB	5
2224	19	11	818.227578361	RB	10
2225	19	11	680.594957426	RB	20
2226	19	12	757.551657876	BB	5
2227	19	12	1574.93906162	BB	10
2228	19	12	1811.52555761	BB	20
2229	19	12	450.632516608	RB	5
2230	19	12	45.7007076656	RB	10
2231	19	12	192.068084118	RB	20
2232	19	13	1269.98669338	BB	5
2233	19	13	1640.51444226	BB	10
2234	19	13	1178.39380241	BB	20
2235	19	13	812.822326773	RB	5
2236	19	13	404.514683887	RB	10
2237	19	13	527.707831363	RB	20
2238	19	14	826.38994225	BB	5
2239	19	14	1915.66344212	BB	10
2240	19	14	1572.53206195	BB	20
2241	19	14	3.0746060018	RB	5
2242	19	14	824.432257855	RB	10
2243	19	14	436.418530185	RB	20
2244	19	15	1295.96345343	BB	5
2245	19	15	1112.67380529	BB	10
2246	19	15	2081.20190084	BB	20
2247	19	15	421.389347772	RB	5
2248	19	15	815.978559749	RB	10
2249	19	15	744.902872454	RB	20
2250	19	16	945.014898247	BB	5
2251	19	16	1179.72522923	BB	10
2252	19	16	1715.76600524	BB	20
2253	19	16	410.761199207	RB	5
2254	19	16	723.287266723	RB	10
2255	19	16	647.264493573	RB	20
2256	19	17	848.98566879	BB	5
2257	19	17	1529.43154781	BB	10
2258	19	17	1712.99230745	BB	20
2259	19	17	415.736086573	RB	5
2260	19	17	68.5263073658	RB	10
2261	19	17	675.987602144	RB	20
2262	19	18	829.795170099	BB	5
2263	19	18	1268.45910295	BB	10
2264	19	18	2110.58892213	BB	20
2265	19	18	782.809437661	RB	5
2266	19	18	464.247194017	RB	10
2267	19	18	707.463112905	RB	20
2268	19	19	549.054549644	BB	5
2269	19	19	1429.38123068	BB	10
2270	19	19	1849.98731268	BB	20
2271	19	19	289.526904616	RB	5
2272	19	19	415.936624093	RB	10
2273	19	19	679.353557015	RB	20
2274	19	20	975.856603288	BB	5
2275	19	20	1313.50152164	BB	10
2276	19	20	2319.80187379	BB	20
2277	19	20	319.652953085	RB	5
2278	19	20	980.880890091	RB	10
2279	19	20	542.95797727	RB	20
2280	20	1	899.965960772	BB	5
2281	20	1	1391.79572831	BB	10
2282	20	1	1813.43431365	BB	20
2283	20	1	612.692967071	RB	5
2284	20	1	473.494314285	RB	10
2285	20	1	199.95336985	RB	20
2286	20	2	888.406910884	BB	5
2287	20	2	1486.11211316	BB	10
2288	20	2	1979.51375308	BB	20
2289	20	2	390.637369279	RB	5
2290	20	2	616.870535241	RB	10
2291	20	2	224.365071716	RB	20
2292	20	3	1149.09475302	BB	5
2293	20	3	1342.0152828	BB	10
2294	20	3	2066.4302977	BB	20
2295	20	3	567.664408078	RB	5
2296	20	3	371.229146915	RB	10
2297	20	3	319.897873395	RB	20
2298	20	4	809.223767859	BB	5
2299	20	4	1105.49528352	BB	10
2300	20	4	1658.10406362	BB	20
2301	20	4	373.82462214	RB	5
2302	20	4	451.739076764	RB	10
2303	20	4	374.764629581	RB	20
2304	20	5	864.485866809	BB	5
2305	20	5	1502.88447132	BB	10
2306	20	5	1936.60426516	BB	20
2307	20	5	366.126179789	RB	5
2308	20	5	533.657641849	RB	10
2309	20	5	509.36003444	RB	20
2310	20	6	762.982811105	BB	5
2311	20	6	1525.12471592	BB	10
2312	20	6	1730.56488071	BB	20
2313	20	6	477.403166296	RB	5
2314	20	6	242.560842522	RB	10
2315	20	6	588.431531147	RB	20
2316	20	7	862.728257197	BB	5
2317	20	7	1317.94470947	BB	10
2318	20	7	1948.03931957	BB	20
2319	20	7	429.687129757	RB	5
2320	20	7	430.132017545	RB	10
2321	20	7	429.335970453	RB	20
2322	20	8	871.419827172	BB	5
2323	20	8	1406.98107326	BB	10
2324	20	8	2013.99051196	BB	20
2325	20	8	639.066435355	RB	5
2326	20	8	513.568611419	RB	10
2327	20	8	485.302387582	RB	20
2328	20	9	1136.2039755	BB	5
2329	20	9	1493.4123694	BB	10
2330	20	9	1960.94564816	BB	20
2331	20	9	670.705045038	RB	5
2332	20	9	336.58422086	RB	10
2333	20	9	283.966462386	RB	20
2334	20	10	1008.47542032	BB	5
2335	20	10	1433.89760821	BB	10
2336	20	10	1853.27095288	BB	20
2337	20	10	546.548329617	RB	5
2338	20	10	551.429823339	RB	10
2339	20	10	440.906308984	RB	20
2340	20	11	1023.74352709	BB	5
2341	20	11	1407.30788097	BB	10
2342	20	11	1948.56811538	BB	20
2343	20	11	377.251231488	RB	5
2344	20	11	471.737305929	RB	10
2345	20	11	597.818720582	RB	20
2346	20	12	1078.44852619	BB	5
2347	20	12	1453.5182769	BB	10
2348	20	12	1874.96556185	BB	20
2349	20	12	534.04509583	RB	5
2350	20	12	366.010053678	RB	10
2351	20	12	522.509063264	RB	20
2352	20	13	1074.92902315	BB	5
2353	20	13	1473.23290845	BB	10
2354	20	13	1699.9949682	BB	20
2355	20	13	651.998488346	RB	5
2356	20	13	617.162540618	RB	10
2357	20	13	129.098935176	RB	20
2358	20	14	1151.62147544	BB	5
2359	20	14	1183.27758856	BB	10
2360	20	14	2064.3584922	BB	20
2361	20	14	505.520334936	RB	5
2362	20	14	445.323323554	RB	10
2363	20	14	452.949729095	RB	20
2364	20	15	905.835619556	BB	5
2365	20	15	1345.05362734	BB	10
2366	20	15	1731.10566165	BB	20
2367	20	15	466.560715945	RB	5
2368	20	15	714.305691723	RB	10
2369	20	15	479.704968415	RB	20
2370	20	16	1022.29411768	BB	5
2371	20	16	1291.14813623	BB	10
2372	20	16	1819.97593367	BB	20
2373	20	16	650.694006557	RB	5
2374	20	16	519.053657456	RB	10
2375	20	16	539.624178073	RB	20
2376	20	17	942.541169858	BB	5
2377	20	17	955.165614343	BB	10
2378	20	17	1808.98650789	BB	20
2379	20	17	307.393477358	RB	5
2380	20	17	484.110863542	RB	10
2381	20	17	413.490486139	RB	20
2382	20	18	819.731149217	BB	5
2383	20	18	1358.30276959	BB	10
2384	20	18	1903.98987245	BB	20
2385	20	18	389.242877279	RB	5
2386	20	18	458.489918491	RB	10
2387	20	18	464.264043043	RB	20
2388	20	19	779.160111678	BB	5
2389	20	19	1464.60590396	BB	10
2390	20	19	1739.12751255	BB	20
2391	20	19	497.354573876	RB	5
2392	20	19	547.246919921	RB	10
2393	20	19	414.504292325	RB	20
2394	20	20	696.954861421	BB	5
2395	20	20	1350.12832588	BB	10
2396	20	20	1801.34813497	BB	20
2397	20	20	428.046809906	RB	5
2398	20	20	357.588002894	RB	10
2399	20	20	589.875768301	RB	20
